Frame,X1,Y1,Flag1,X2,Y2,Flag2,X3,Y3,Flag3,X4,Y4,Flag4,X5,Y5,Flag5,X6,Y6,Flag6,X7,Y7,Flag7,X8,Y8,Flag8,X9,Y9,Flag9,X10,Y10,Flag10,X11,Y11,Flag11,X12,Y12,Flag12,X13,Y13,Flag13,X14,Y14,Flag14,X15,Y15,Flag15,X16,Y16,Flag16,X17,Y17,Flag17,X18,Y18,Flag18,X19,Y19,Flag19,X20,Y20,Flag20,X21,Y21,Flag21,X22,Y22,Flag22,X23,Y23,Flag23,X24,Y24,Flag24,X25,Y25,Flag25,X26,Y26,Flag26,X27,Y27,Flag27,X28,Y28,Flag28,X29,Y29,Flag29,X30,Y30,Flag30,X31,Y31,Flag31,X32,Y32,Flag32,X33,Y33,Flag33,X34,Y34,Flag34,X35,Y35,Flag35,X36,Y36,Flag36,X37,Y37,Flag37,X38,Y38,Flag38,X39,Y39,Flag39,X40,Y40,Flag40,X41,Y41,Flag41,X42,Y42,Flag42,X43,Y43,Flag43,X44,Y44,Flag44,X45,Y45,Flag45,X46,Y46,Flag46,X47,Y47,Flag47,X48,Y48,Flag48,X49,Y49,Flag49,X50,Y50,Flag50,X51,Y51,Flag51,X52,Y52,Flag52,X53,Y53,Flag53,X54,Y54,Flag54,X55,Y55,Flag55,X56,Y56,Flag56,X57,Y57,Flag57,X58,Y58,Flag58,X59,Y59,Flag59,X60,Y60,Flag60,X61,Y61,Flag61,X62,Y62,Flag62,X63,Y63,Flag63,X64,Y64,Flag64,X65,Y65,Flag65,X66,Y66,Flag66,X67,Y67,Flag67,X68,Y68,Flag68,X69,Y69,Flag69,X70,Y70,Flag70,X71,Y71,Flag71,X72,Y72,Flag72,X73,Y73,Flag73,X74,Y74,Flag74,X75,Y75,Flag75
Tracks 1 to 75
1,49.8,1.3, ,524.54236,6.1892657, ,269.22708,86.67923, ,536.24445,87.23333, ,453.5112,103.50673, ,70.24359,114.80769, ,1288.9667,110.833336, ,1292.7858,130.55714, ,652.02,139.14, ,1422.9584,177.06944, ,489.9257,197.06676, ,277.8,194.95, ,253.93817,212.16129, ,478.73334,204.38333, ,1415.7054,206.45891, ,257.68948,214.55263, ,1223.8857,221.13731, ,745.48517,233.42592, ,349.63464,269.83554, ,205.14583,284.46875, ,196.70634,295.48413, ,958.61847,331.6115, ,235.14493,359.36957, ,1345.398,475.42856, ,1045.7961,516.20386, ,905.39856,531.1377, ,774.2474,570.3842, ,709.8218,618.43567, ,692.5909,617.7727, ,699.55884,637.2059, ,798.9859,653.822, ,1255.1698,802.9133, ,1143.7727,796.7727, ,998.5199,819.54974, ,98.388885,825.1049, ,1312.8529,875.2647, ,432.43976,932.6566, ,441.65518,940.069, ,443.15854,953.29266, ,3.5635839,971.3266, ,1198.7593,980.46295, ,1291.336,1005.2459, ,1431.6841,1047.8588, ,755.5789,1068.1013, ,1405.8395,1073.4518, , , , , , , , , , , , , , , , , , , , , , , , , , , , , , , , , , , , , , , , , , , , , , , , , , , , , , , , , , , , , , , , , , , , , , , , , , , , , , , , , , , , , , , , , , , 
2,54.3,1.1, ,523.5129,5.6318326, ,268.77332,85.643166,*,536.16516,87.57983, ,454.2366,104.36607, ,67.992065,114.59524, ,1286.6666,107.916664, ,1293.8334,129.72223, ,653.5,139.54167, ,1422.8287,177.15753, ,488.97043,196.94582, ,278.98,196.82,*,255.17741,212.31183,*,478.32352,205.08824, ,1415.2653,206.07143, ,258.63684,214.21579,*,1223.8384,220.85371, ,745.43384,233.53676, ,349.84616,270.01358, ,205.21614,284.20834, ,196.54109,294.93835, ,958.61725,332.04483, ,235.38806,360.2388, ,1344.6666,475.2396, ,1045.8883,516.3498, ,905.9789,531.3169, ,773.70636,567.5952, ,710.1423,617.87805,*,691.63336,623.76666,*,697.0625,636.3125,*,799.2692,654.2802, ,1256.2751,802.6288, ,1140.9642,801.0357,*,998.71783,819.1089, ,98.54565,824.5021, ,1313.8158,876.2368, ,434.0595,933.3929, ,441.85135,941.464, ,443.35974,954.0671, ,3.2172413,971.63104, ,1197.5,980.0714,*,1291.6022,1004.96716, ,1431.5,1048.0487, ,755.0414,1067.9395, ,1406.7108,1073.4414, , , , , , , , , , , , , , , , , , , , , , , , , , , , , , , , , , , , , , , , , , , , , , , , , , , , , , , , , , , , , , , , , , , , , , , , , , , , , , , , , , , , , , , , , , , 
3,50.642857,2.107143,*,525.38727,6.011561, ,270.36032,86.73725,*,535.6827,87.38584, ,453.99234,103.852295, ,68.844826,115.01724, ,1288.7273,105.318184, ,1294.7115,128.46153, ,653.26086,141.45653, ,1422.9546,176.56061, ,490.2921,198.0421, ,278.34,194.7, ,255.06282,210.911,*,479.02942,205.83333, ,1415.8889,205.53334, ,258.9433,213.48969,*,1224.8464,220.27777, ,746.3897,234.52942, ,350.92117,269.46, ,207.11719,285.71353, ,198.89024,296.7561, ,959.7194,332.56476, ,235.76515,359.6591, ,1344.9706,474.2843, ,1045.6058,516.5314, ,905.63983,530.2413, ,775.4342,568.1447, ,713.72766,620.87946, ,691.63336,625.36664, ,700.0455,637.6818,*,799.1133,653.40607, ,1256.3931,801.53955, ,1142.141,799.4487, ,998.56696,819.94977, ,99.43528,824.8403, ,1313.3649,876.5541, ,433.68182,931.92426, ,441.9643,940.4286, ,443.90964,953.7229, ,2.644144,972.3919, ,1196.6333,979.93335,*,1291.3926,1003.3926, ,1431.3514,1047.63, ,755.6847,1068.292, ,1406.3998,1073.8158, ,1436.0421,154.05421, ,1164.7727,780.86365, , , , , , , , , , , , , , , , , , , , , , , , , , , , , , , , , , , , , , , , , , , , , , , , , , , , , , , , , , , , , , , , , , , , , , , , , , , , , , , , , , , , , 
4,50.442856,1.7857143, ,524.72314,6.315427, ,271.26447,86.9561,*,536.38763,86.34494, ,453.7684,104.42424, ,69.71795,115.4359, ,1290.46,107.98, ,1298.3511,127.09574, ,654.2857,141.71428, ,1422.6143,176.58571, ,489.7359,199.15898, ,276.17743,192.53226, ,256.02942,211.39003,*,479.0098,207.97058, ,1415.5,206.32608, ,259.23685,213.57368,*,1223.981,220.49788, ,748.3029,233.85767, ,350.8583,269.8021, ,208.78497,286.8679, ,199.74,297.06, ,958.94366,332.081, ,235.40076,357.95038, ,1345.8922,473.39215, ,1045.8969,516.34436, ,905.3116,530.49274, ,776.6585,569.939, ,719.6939,625.42017, ,692.2692,625.4231,*,698.0294,636.35297,*,800.77936,653.80725, ,1257.7056,801.1846, ,1142.6372,801.2843, ,998.5926,820.7315, ,99.56118,825.6625, ,1313.3823,875.32355, ,433.37097,931.85486, ,441.31982,941.58105, ,443.4711,954.48267, ,2.3039215,973.35297, ,1196.825,981.3,*,1292.3695,1002.3406, ,1431.4641,1047.9902, ,755.8026,1069.2654, ,1408.2965,1073.7953, ,1436.8636,154.69698, ,1167.7084,784.875,*,1398.7727,162.86363, ,729.4286,566.0714, ,730.5714,579.2143, ,792.7857,601.2857, , , , , , , , , , , , , , , , , , , , , , , , , , , , , , , , , , , , , , , , , , , , , , , , , , , , , , , , , , , , , , , , , , , , , , , , , 
5,50.47872,6.2234044, ,524.1517,6.1825843, ,271.45517,86.4417,*,536.94727,85.79358, ,454.0373,103.98684, ,71.48718,115.28205, ,1290.5667,109.3, ,1297.7,127.425,*,651.36664,140.5, ,1424.0555,177.01389, ,490.0428,200.12103, ,280.74,197.12,*,255.96237,212.07796,*,479.69608,208.08824, ,1416.193,206.07895, ,260.07733,213.2629,*,1225.225,220.20454, ,748.6241,232.84306, ,352.15317,272.25226, ,209.89258,286.43634, ,201.35135,297.1757, ,960.7857,331.85135, ,234.43382,356.8603, ,1345.5952,473.67142, ,1045.7463,516.4522, ,905.44366,530.5211, ,774.63635,568.5795, ,716.82697,624.4455, ,691.0625,627.4375,*,697.7727,635.7727,*,801.47766,653.9693, ,1258.3314,801.7278, ,1143.4517,801.8387, ,998.3889,820.6511, ,101.117836,825.3577, ,1312.674,875.587,*,433.86487,933.0405, ,441.83334,941.2265, ,443.36584,954.4695, ,3.294702,973.9371, ,1193.8334,981.9, ,1293.3387,1002.14514, ,1431.2642,1047.8373, ,757.6511,1069.5422, ,1408.025,1073.4952, ,1436.2805,152.30487, ,1168.0217,784.36957, ,1400.1471,162.38235, ,735.0,568.3913,*,734.36365,581.7121,*,791.8043,607.413,*, , , , , , , , , , , , , , , , , , , , , , , , , , , , , , , , , , , , , , , , , , , , , , , , , , , , , , , , , , , , , , , , , , , , , , , , 
6,53.738094,1.7857143,*,524.2995,6.818766, ,272.26443,85.46889,*,537.15735,86.61422, ,453.98114,104.74834, ,70.88461,114.78205, ,1288.4286,108.78571, ,1294.9814,129.2963,*,652.98,139.46, ,1425.1389,176.38889, ,491.33978,199.22868, ,280.08975,196.0641, ,255.68472,211.63547,*,479.6356,206.99153, ,1417.1982,205.42241, ,259.5521,214.0,*,1224.9427,220.88652, ,749.3951,232.43706, ,352.39792,273.5812, ,210.2559,285.58923, ,201.22728,295.75974, ,961.09436,332.01407, ,234.4037,355.93704, ,1346.304,474.12744, ,1045.6587,516.24536, ,907.355,530.28625, ,774.95264,567.5105, ,712.73553,619.917, ,692.96155,624.2692,*,696.63336,633.3,*,802.5649,654.85675, ,1259.3322,801.55286, ,1143.1976,798.47675, ,998.223,820.27466, ,102.192635,826.97577, ,1310.5,874.85297,*,433.18182,933.75, ,441.7906,941.9103, ,443.96625,955.2546, ,3.6676648,973.3383, ,1195.1296,979.94446,*,1291.934,1001.93396, ,1431.2993,1047.7421, ,758.23425,1070.2949, ,1408.2074,1073.4017, ,1437.0763,153.97458,*,1169.272,786.0614, ,1401.0,163.5, ,739.6053,564.5,*,732.822,575.2542,*,795.2755,608.39795,*, , , , , , , , , , , , , , , , , , , , , , , , , , , , , , , , , , , , , , , , , , , , , , , , , , , , , , , , , , , , , , , , , , , , , , , , 
7,53.045456,1.9545455, ,524.1102,6.8871794, ,271.28653,85.49304,*,538.07336,87.05046, ,455.08475,106.16525, ,70.70635,114.70635, ,1285.7703,108.66216, ,1295.7778,129.05556, ,654.5,139.73077, ,1426.5294,176.63235, ,490.82315,198.8308, ,278.85,193.7,*,255.58894,211.10336,*,479.72415,207.22414, ,1417.9592,205.86734, ,259.7755,213.70409,*,1224.0525,221.56093, ,750.31946,230.90973, ,352.27188,274.57605, ,209.97354,286.4524, ,201.03847,296.05127, ,960.4718,332.6129, ,234.91006,355.6367, ,1347.5388,473.60678, ,1045.8215,516.3039, ,907.8555,529.1445, ,776.5513,569.02136, ,712.33936,618.4896,*,692.125,624.5625,*,699.1111,638.5,*,804.3681,656.18134, ,1258.8418,800.99884, ,1143.8898,800.48303,*,998.4398,820.5278, ,102.8922,828.7628, ,1311.8636,876.2879, ,433.92255,933.5282, ,442.5171,942.1838, ,444.6744,955.4186, ,3.7756758,973.95404, ,1194.8889,980.3333,*,1291.8729,998.9915, ,1431.4603,1047.8506, ,760.6938,1070.744, ,1408.3702,1073.4623, ,1436.2021,152.35106, ,1171.7222,788.35187,*,1402.5385,162.0, ,740.3333,565.3333,*,733.88464,575.6539,*,798.0294,607.2059, ,763.8077,567.5769,*,703.2714,632.8143, , , , , , , , , , , , , , , , , , , , , , , , , , , , , , , , , , , , , , , , , , , , , , , , , , , , , , , , , , , , , , , , , , , 
8,54.636364,1.8181819,*,523.89294,6.0894427, ,276.75235,81.8271,*,540.0378,88.042336, ,455.36563,105.12996, ,70.5,114.669495, ,1286.9706,109.44118, ,1292.65,129.95, ,655.23914,140.15218, ,1425.2031,177.26562, ,490.88766,198.4037, ,282.10657,199.0082,*,254.60445,211.61111,*,480.66,206.88, ,1417.4259,205.03334, ,259.52942,213.45097,*,1224.0939,222.08057, ,750.9514,229.45833, ,353.60226,275.65228, ,211.98671,286.49203, ,202.92105,296.0921, ,960.5,333.076, ,235.5511,355.93066, ,1349.5577,474.05768, ,1045.4926,516.2528, ,908.7463,528.69403, ,776.72,569.71, ,710.94574,612.7057,*,693.5909,624.63635, ,697.96155,632.96155,*,805.6842,655.7368, ,1259.4429,799.44293, ,1143.7532,802.4747, ,997.73474,821.3967, ,103.55165,829.0103, ,1314.1111,876.7778, ,433.31946,932.5972, ,442.58197,941.8033, ,445.84637,955.56146, ,4.521459,974.7446, ,1198.35,987.05,*,1292.4747,1001.27216,*,1431.2245,1047.791, ,762.6739,1070.8237, ,1409.2057,1073.8417, ,1437.3909,154.46364, ,1174.0349,791.7093,*,1401.5851,162.26596, ,735.9839,570.5968,*,733.5303,579.3788,*,804.1429,606.5714,*,763.2692,572.2692,*,705.25,633.875,*, , , , , , , , , , , , , , , , , , , , , , , , , , , , , , , , , , , , , , , , , , , , , , , , , , , , , , , , , , , , , , , , , , 
9,54.518867,5.216981,*,524.8926,6.595491, ,276.83963,82.72642,*,540.26996,87.46811, ,456.73148,104.994385, ,72.08572,114.6, ,1285.1666,108.166664, ,1292.7916,129.16667, ,655.6739,140.54347, ,1425.3406,177.32608, ,492.34183,196.99234, ,281.3846,196.5, ,252.22676,207.73662,*,481.16,204.9, ,1417.0497,205.7914, ,259.86792,212.66037,*,1224.3909,222.5262, ,750.63196,229.76389, ,354.32608,277.63272, ,213.45454,288.2861, ,205.07954,296.44318, ,962.74713,333.98264, ,235.52238,355.75372, ,1350.3077,473.80768, ,1045.8778,516.2023, ,908.4774,529.7857, ,775.3276,568.35345,*,709.2899,610.58405, ,693.55884,618.67645, ,697.2692,636.4231,*,806.0645,655.3333, ,1260.7494,798.12695, ,1144.0574,802.4016, ,997.9464,820.87054, ,103.73722,829.06647, ,1311.9445,875.44446, ,430.6605,935.0309, ,443.025,941.11664, ,444.99417,955.9128, ,4.9521074,976.0862, ,1197.2959,981.1531, ,1291.9539,1002.53076, ,1431.2568,1048.0319, ,763.98737,1071.4142, ,1409.5311,1073.9233, ,1436.1066,153.45082, ,1175.0625,795.375,*,1401.6372,162.79411, ,734.3889,569.99207,*,741.62164,577.5405,*,798.0,608.5132, ,763.7857,566.2857, ,706.3,635.2,*,1393.674,181.45653, ,1270.919,862.5986, , , , , , , , , , , , , , , , , , , , , , , , , , , , , , , , , , , , , , , , , , , , , , , , , , , , , , , , , , , , , 
10,55.733334,5.4, ,525.6691,7.0392156, ,277.32144,83.75,*,541.11896,86.273674, ,457.90363,104.10317, ,71.66279,114.709305, ,1288.0385,107.92308, ,1293.2142,130.0,*,655.63635,140.27272, ,1424.5411,178.21233, ,490.51923,193.38461, ,281.7414,193.53448, ,255.71538,209.93077,*,479.42307,200.98077, ,1416.0547,206.13504, ,260.94446,210.79292,*,1225.1459,222.51852, ,751.2714,230.17143, ,357.06503,277.73767, ,214.02368,289.26578, ,206.2375,299.25, ,963.6946,334.02487, ,235.41112,355.57407, ,1351.5654,474.07944, ,1045.7424,516.0265, ,908.9,529.1308, ,773.31195,568.6111,*,705.29486,612.03845, ,693.0,618.3889, ,697.9167,637.7708,*,806.07776,655.1222, ,1261.5583,799.7287, ,1145.2076,802.62305, ,998.18695,820.79565, ,104.82455,829.9807, ,1311.8914,876.26086, ,431.02173,936.9783, ,445.5862,941.37933, ,447.50565,956.1667, ,5.099278,975.76355, ,1198.575,982.55, ,1293.6578,1002.8947, ,1431.0808,1047.9192, ,764.9858,1071.5336, ,1409.2705,1073.8589, ,1436.3235,153.46078, ,1173.4125,791.5375,*,1401.25,162.52083, ,732.2692,571.7308,*,738.3333,574.1667,*,790.2273,604.4091, ,762.7308,564.5769, ,702.55884,626.0294,*,1392.0172,179.18965, ,1272.8502,862.37445, ,445.6875,927.125, , , , , , , , , , , , , , , , , , , , , , , , , , , , , , , , , , , , , , , , , , , , , , , , , , , , , , , , , , 
11,58.136364,3.3181818, ,526.68304,7.410755, ,277.5762,84.64286,*,541.02985,85.58716, ,459.7057,103.67943, ,73.40625,115.5625, ,1286.7354,107.26471, ,1293.0714,130.78572,*,654.587,140.97826, ,1425.0,179.17567, ,489.01538,192.88771, ,285.05713,198.1,*,256.54166,210.06618,*,479.65,201.3, ,1416.4592,207.81293, ,261.82672,211.05446,*,1223.4321,222.78009, ,752.117,229.5, ,357.95557,277.50665, ,214.14043,290.25067, ,206.66667,301.28204, ,964.08405,332.64706, ,235.06818,355.45456, ,1351.9246,473.70755, ,1046.0264,516.1579, ,908.9211,529.0113, ,774.03845,567.79486, ,702.5606,604.74243, ,693.0455,620.6515,*,705.8158,633.4474,*,805.94806,656.5765, ,1261.3859,801.0137, ,1146.22,802.5133, ,998.20044,820.7074, , , , ,1310.4178,878.93835,*, , , ,446.92728,942.36365, ,447.9691,956.4072, ,5.4172187,976.957, ,1200.25,981.9, ,1294.0132,1000.3421,*,1431.3213,1047.5156, ,764.13324,1071.851, ,1410.9656,1074.2273, ,1436.8704,155.05556, ,1174.9535,793.0814, ,1401.74,163.18, ,733.0909,571.1818,*,735.0294,567.6177,*,796.5833,607.8333,*,763.4583,571.125, ,709.21075,618.8677,*,1392.25,181.9375,*,1272.187,861.79645, ,443.63043,929.9203,*,305.07895,85.5, , , , , , , , , , , , , , , , , , , , , , , , , , , , , , , , , , , , , , , , , , , , , , , , , , , , , , , 
12, , , ,525.7522,7.6951756, ,277.47116,84.45192,*,540.3188,85.2523, ,459.92825,104.069534, , , , ,1285.4286,107.78571, , , , ,655.6111,140.55556, ,1425.0067,180.32666, ,487.79977,192.81992, ,286.2,199.7,*,253.5264,208.63783,*,479.4535,200.77907, ,1416.0875,208.14407, ,262.4902,213.4804,*,1222.5249,223.8499, ,753.63574,230.14285, ,357.58533,277.7538, ,215.55469,291.2474, ,207.69318,300.32956, ,964.62054,333.2768, ,235.71053,357.00375, ,1353.0887,473.81775, ,1045.6635,516.29846, ,909.9094,530.30316, ,773.8868,567.60376, , , , ,694.0,626.0, ,705.9762,635.8333, ,805.19104,657.60114, ,1261.7318,799.8753, ,1144.8881,802.06714, ,998.3174,820.8, , , , ,1313.1666,875.63336, , , , ,448.33636,942.7818, ,448.43054,955.8472, ,5.614907,977.5186, ,1199.6428,980.4286,*,1292.7838,999.86487, ,1431.1279,1047.5774, ,763.4466,1071.5814, ,1411.6599,1074.5349, ,1436.4803,155.69608, ,1174.2015,792.99255, ,1401.8191,162.67021, ,734.13336,579.86664,*,742.3182,564.13635,*,798.63794,610.63794,*,763.3333,572.8889,*,717.6421,622.6964, ,1391.5588,183.47058, ,1270.9373,862.11505, ,444.33582,930.82837, ,303.5484,79.20968,*,103.65464,831.02783, , , , , , , , , , , , , , , , , , , , , , , , , , , , , , , , , , , , , , , , , , , , , , , , , , , , 
13, , , ,525.7,7.6955557, ,277.78705,84.44444,*,540.4261,85.957275, ,460.80396,104.0859, , , , ,1285.0769,108.15385, , , , ,655.6786,140.92857, ,1424.8422,179.53947, ,487.84,193.32222, ,285.3125,198.60417,*,256.26498,212.3341,*,479.64706,201.0, ,1416.5968,208.1387, ,262.15048,213.99515, ,1222.6638,223.03879, ,755.32574,229.5, ,358.13913,277.69348, ,215.97606,291.41754, ,208.363,302.58218, ,964.4706,332.26962, ,235.62122,357.82574, ,1354.5468,473.5, ,1045.873,516.2381, ,910.3947,530.9586, , , , , , , , , , ,702.6667,634.23334,*,804.5389,658.3111, ,1261.1185,799.4233, ,1144.6552,803.10345, ,998.14386,820.4315, , , , ,1313.3823,876.7059, , , , ,448.3393,943.1429, ,449.16046,955.93256, ,5.7599387,978.4235, ,1194.5,979.4,*,1293.8418,999.61395,*,1431.2976,1047.9562, ,762.5184,1071.8727, ,1413.4113,1074.6982, ,1436.78,153.58, ,1174.1086,793.6087, ,1401.5817,162.17346, ,735.02,578.94,*,747.81036,566.12067,*,798.2761,612.291, ,763.96155,564.5, ,711.75226,618.35583, ,1390.0667,181.56667, ,1271.0433,862.39874, ,444.93478,930.76086, ,303.11948,76.77434, ,104.542595,832.4067, ,775.0,0.9444444, ,1271.5,704.25, , , , , , , , , , , , , , , , , , , , , , , , , , , , , , , , , , , , , , , , , , , , , , 
14, , , ,528.28076,7.6208053, ,277.04205,84.462616,*,541.27704,84.32299, ,460.13846,102.41762, , , , ,1284.2354,107.64706, , , , , , , ,1423.5875,180.0375, ,486.5,194.08261,*,289.07144,202.78572,*,254.14572,208.0057,*,478.3684,200.89473, ,1415.6428,208.33458, ,262.31552,213.54854,*,1221.645,223.40475, ,755.84326,229.32835, ,359.28366,279.31897, ,216.16577,292.68182, ,208.93835,303.84247, ,964.8627,331.70724, ,236.33333,358.0606, ,1355.9259,472.67593, ,1045.5337,516.11426, ,911.6667,531.15875, , , , , , , , , , ,699.15,633.5, ,804.7857,659.24176, ,1260.7416,799.9228, ,1143.8064,802.85486, ,997.9076,821.0735, , , , ,1311.7059,876.82355, , , , ,447.75217,943.0565, ,448.43814,956.8763, ,6.4304814,979.3155, ,1198.5714,979.8571, ,1294.8086,999.7469, ,1431.3933,1047.942, ,761.5456,1071.5962, ,1414.003,1075.0771, ,1436.8182,155.38637, ,1171.4524,789.6905, ,1401.2391,160.82608, ,733.3036,580.6607,*,750.8333,567.1667, ,799.8333,612.8333,*,761.4286,572.4286, ,711.95624,618.98846, ,1388.2615,182.8578,*,1271.3046,861.0379, ,445.44736,930.3684, ,300.65826,73.37051, ,105.48994,832.7294, ,774.1429,1.5476191, ,1269.7084,706.0417,*,267.7143,225.32143, ,735.7941,569.7941, ,703.4091,643.9545,*, , , , , , , , , , , , , , , , , , , , , , , , , , , , , , , , , , , , 
15, , , ,530.11163,7.620536, ,276.9299,84.7243,*,542.08704,86.38167, ,460.49344,103.48906, , , , ,1283.6786,108.42857, , , , , , , ,1423.1624,179.66884, , , , ,288.5476,202.88095,*,252.52856,209.11714, , , , ,1415.5159,208.07143, ,262.10193,214.26698, ,1221.5107,224.43736, ,755.44696,230.2803, ,359.16003,279.1446, ,216.18784,293.39948, ,208.64473,304.5, ,962.4779,333.2348, ,235.75757,357.74243, ,1355.8334,472.56305, ,1045.5978,516.2368, ,912.74615,531.55383, , , , , , , , , , ,701.5577,634.38464,*,804.20557,658.95557, ,1261.2216,798.3597, ,1142.1945,804.7222,*,998.23895,820.13715, , , , ,1313.6538,875.7308, , , , ,448.6091,943.5364, ,449.29904,956.86365, ,6.920792,979.6089, ,1195.6765,980.7941,*,1296.2567,1002.7162, ,1431.4027,1048.1292, ,761.672,1070.9742, ,1414.4902,1075.1753, ,1437.04,154.28, ,1169.2727,786.63635, ,1399.1666,162.29366, ,735.3125,580.53125,*,747.77905,572.4535,*,800.1,612.6,*,767.85,579.05, ,710.7454,617.0153, ,1386.2816,183.63792,*,1271.1547,860.7903, ,442.36047,931.26746,*,301.94446,76.76263, ,106.79388,833.4367, ,774.92255,2.0352113, ,1271.409,705.13635, ,266.23914,226.7029, ,732.0238,572.0714, ,712.02,641.74, ,588.94,341.74, , , , , , , , , , , , , , , , , , , , , , , , , , , , , , , , , , 
16, , , ,531.4479,8.331663, ,278.12857,85.166664, ,542.3523,85.25, ,459.8537,103.86632, , , , ,1283.598,109.28432, , , , , , , ,1424.5946,179.62163, , , , ,284.66666,200.0,*,251.7046,209.95534, , , , ,1415.8229,208.01968, ,261.38785,214.91121, ,1220.4141,223.34866, ,754.2121,230.31061, ,360.12897,279.5181, ,217.16316,293.39212, ,209.98,304.62, ,961.8744,332.82513, ,235.22058,359.41177, , , , ,1045.6964,516.49634, ,914.1539,533.2, , , , , , , , , , ,697.75,633.45,*,802.4375,658.6818, ,1260.8903,796.9596, ,1145.9756,803.9268,*,998.3584,820.354, , , , ,1304.7142,879.6429,*, , , ,449.04544,943.7091, ,448.9264,957.4391, ,7.836842,980.71265, ,1193.4231,981.6539,*,1295.6466,1001.79333, ,1431.2507,1047.6785, ,762.67633,1070.826, ,1415.2947,1075.3047, ,1436.5333,154.68333, ,1171.7616,790.60767,*,1402.4048,161.0873, ,735.2647,582.44116,*, , , ,795.98834,615.6628,*,771.1,570.4429,*,704.14,611.22,*,1388.7897,183.5, ,1270.8326,859.9009, ,443.11905,930.8333,*,303.1159,78.88411, ,107.17269,834.5422, ,775.3289,2.131579, ,1273.25,703.25, ,267.40668,226.44667, ,736.1774,568.79034,*,704.6,642.6,*,593.94446,340.11905, ,487.45502,194.91756, ,480.44446,202.61111, , , , , , , , , , , , , , , , , , , , , , , , , , , , 
17, , , ,531.3855,8.140081, ,278.76364,84.60909, ,543.02405,84.381004, ,458.47995,102.52227, , , , ,1282.9897,108.52041, , , , , , , ,1425.943,179.94304, , , , ,285.6,200.8,*,251.40451,210.4602, , , , ,1416.532,208.004, ,260.80276,215.61926, ,1220.4526,224.60538, ,754.10284,230.30142, ,361.41873,279.47968, ,217.14568,293.14566, ,209.59334,303.98, ,961.6909,332.6318, ,235.52919,360.4197, , , , ,1046.0076,516.625, ,913.8779,534.2244, , , , , , , , , , ,698.5,638.2,*,801.2366,659.47314, ,1262.8075,796.6261, ,1145.5,802.7889, ,998.5129,820.4914, , , , ,1305.25,878.8333, , , , ,448.82407,944.2685, ,449.24313,958.1147, , , , , , , ,1294.6782,1001.1238, ,1431.5468,1048.0233, ,763.0435,1070.2388, ,1414.4039,1075.5071, ,1436.5714,154.08928, ,1171.5769,788.3461, ,1402.1923,161.34616, ,735.05554,581.8611,*, , , ,800.2273,613.13635,*,774.05396,569.8741, ,710.16956,612.74347, ,1390.7678,184.41072, ,1271.3269,861.6004, ,444.73334,932.11664,*,302.24026,73.56493, ,107.95547,835.87854, ,776.3219,2.089041, ,1271.2241,705.84485,*,265.8846,227.33333, ,737.375,569.6667, ,706.5625,633.125,*,591.8333,340.61493, ,488.39325,193.46078, ,480.07144,201.45238,*, , , , , , , , , , , , , , , , , , , , , , , , , , , 
18, , , , , , ,279.62036,84.00926, ,543.18964,85.27471, ,459.81757,103.691444, , , , ,1282.591,108.77273, , , , , , , ,1425.0753,179.66438, , , , ,283.22726,199.40909,*,252.4871,211.51546,*, , , ,1416.5983,207.32143, ,260.7736,216.59435, ,1221.5509,224.7668, ,753.62054,229.63475, ,362.0148,278.54327, ,217.73897,293.83768, ,210.03847,305.05383, ,962.6659,331.19196, ,237.18703,360.5916, , , , ,1045.8708,516.35455, ,914.8664,534.71375, , , , , , , , , , ,696.5625,633.1875,*,801.2676,658.14325, ,1262.9978,797.72, ,1146.5227,801.8523, ,998.6875,820.5536, , , , ,1308.402,879.5, , , , ,448.55826,944.67474, ,448.27664,958.4543, , , , , , , ,1294.737,1001.5928, ,1431.4843,1047.6893, ,763.2744,1069.9, ,1413.8241,1075.5593, ,1438.242,155.1129, ,1171.5096,787.5192, ,1401.5,161.71819, ,735.72034,580.29663, , , , ,798.55884,608.85297,*,772.8435,568.65265,*, , , ,1388.9392,182.61215, ,1271.7195,862.4889, ,438.2931,934.81036,*,305.63416,76.45122,*,109.99293,836.96466, ,776.90564,2.6132076, ,1271.7,704.2, ,265.39655,229.1207,*,734.1923,568.5,*,707.0,635.9545,*,593.1218,339.17227,*,488.68356,192.36232, ,478.5435,200.63043, ,1198.0,979.4167, , , , , , , , , , , , , , , , , , , , , , , , , 
19, , , , , , ,280.24075,83.55556, ,543.18396,87.09198, ,459.209,104.650116, , , , , , , , , , , , , ,1424.7972,180.13513, , , , ,285.92856,206.57143, ,252.42789,212.68991,*, , , , , , ,260.41428,218.25238, ,1221.8022,225.02588, ,753.83813,229.91727, ,362.7009,278.85666, ,216.96841,294.48947, ,209.28873,305.28873, ,963.2955,331.35455, ,235.90146,360.74817, , , , ,1045.792,516.3759, ,916.3682,536.39923, , , , , , , , , , , , , ,803.2273,659.40375, ,1263.0438,798.3652, ,1146.1154,801.7198, ,998.4264,820.4394, , , , ,1304.0333,879.56665, , , , ,448.83026,944.4633, ,448.55554,957.8889, , , , , , , ,1294.7106,1002.0088, ,1431.5193,1047.8087, ,763.9489,1070.4882, ,1413.0247,1076.1144, ,1436.5176,154.5,*,1169.0526,783.4737, ,1407.9087,157.65652,*,734.09375,581.34375,*, , , ,796.93634,613.93634, ,770.5,560.7,*, , , ,1389.752,181.271, ,1271.9774,863.1753, ,439.6,934.675, ,305.78125,74.5, ,111.70612,838.3, ,777.5174,2.7347827, ,1270.6428,706.3214, ,266.8111,229.7, ,736.2619,570.4524, ,705.125,641.625, ,593.5577,339.33334, ,487.84842,192.80544, ,478.91177,200.02942, ,1195.6818,988.9545,*, , , , , , , , , , , , , , , , , , , , , , , , 
20, , , , , , ,280.26852,84.361115, ,543.28503,87.67056, ,460.6513,105.74561, , , , , , , , , , , , , ,1425.2307,179.58974, , , , ,285.19232,206.88461, ,251.40225,214.02882,*, , , , , , ,260.02728,220.24545, ,1222.7181,224.06161, ,754.4403,231.17165, ,364.62357,278.82953, ,217.54497,293.6905, ,209.71951,303.95123, ,962.7132,330.33334, ,234.59558,360.40442, , , , ,1045.8765,516.4924, ,916.3963,538.1074, , , , , , , , , , , , , ,803.5914,659.6344, ,1261.1849,797.9354, ,1144.959,801.5492, ,998.15216,820.5522, , , , ,1307.1923,875.5, , , , ,448.09814,945.0047, ,449.53,958.75, , , , , , , ,1294.4257,1001.79755, ,1431.4689,1048.1044, ,765.7139,1070.3163, ,1411.2577,1076.0198, ,1436.0,154.11667,*,1173.5353,790.45294,*,1412.419,153.74324, ,731.26666,580.93335,*, , , , , , ,770.875,558.875, , , , ,1389.133,182.70183, ,1271.0142,862.8688, ,437.55,935.85, ,304.796,75.596,*,111.451515,839.74445, ,777.3582,3.0522387, ,1271.1945,705.55554, ,268.39655,229.7069, ,736.84375,569.90625, ,703.05,643.5,*,593.35364,339.10162, ,488.15848,191.91965, ,479.4375,199.65625, ,1194.1,986.63336,*,1316.25,84.0, , , , , , , , , , , , , , , , , , , , , , 
21, , , , , , ,280.92056,84.33178, ,543.8744,88.65814, ,461.13718,103.54308, , , , , , , , , , , , , ,1426.5133,178.36667, , , , , , , ,252.81017,213.94652,*, , , , , , ,261.17856,221.3125, ,1224.6677,223.9458, ,755.54224,229.87325, ,366.43954,278.5465, ,217.33244,293.59842, ,209.71838,304.02875, ,964.7673,330.24194, ,235.93077,360.5, , , , ,1045.9172,516.312, ,915.6719,537.5469, , , , , , , , , , , , , ,803.9462,660.5215, ,1260.7687,797.61896, ,1147.4445,801.9861, ,998.6875,820.6731, , , , ,1305.5344,881.7414, , , , ,448.3846,946.0673, ,449.54413,959.098, , , , , , , ,1295.3043,1001.0761, ,1431.4359,1047.6378, ,766.18933,1070.7549, ,1412.6743,1076.0918, ,1437.3846,153.73077, ,1174.6486,789.4406, ,1406.7084,158.375,*,734.55884,582.67645,*, , , , , , ,764.36664,564.56665, , , , ,1389.9546,183.5,*,1270.581,862.42114, ,437.0625,936.875, ,306.66037,78.51887, ,110.32653,839.9796, ,779.8806,3.1567163, ,1270.7727,705.2879, ,266.6,234.15,*,743.1111,565.1111, ,711.2619,642.881,*,591.39813,339.25, ,488.2713,191.3565, ,480.05884,198.91176, ,1198.5,988.7308,*,1320.909,88.77273, ,711.3552,617.60406, , , , , , , , , , , , , , , , , , , 
22, , , , , , ,283.4386,83.81579, ,545.66943,88.63647, ,459.90308,103.52863, , , , , , , , , , , , , ,1427.4014,177.59859, , , , , , , ,253.38354,213.58607, , , , , , , ,261.5841,220.95795, ,1225.6827,223.56932, ,756.4098,228.47745, ,366.01547,278.82742, ,217.81854,293.03003, ,209.84247,304.06165, ,964.49524,332.23935, ,237.74031,360.26746, , , , ,1046.0283,516.217, ,915.94183,537.8721, , , , , , , , , , , , , ,803.3602,661.3871, ,1260.4081,798.0558, ,1147.0875,802.2625, ,998.5,820.41, , , , ,1313.409,875.7727, , , , ,448.16666,946.85236, ,447.78708,959.86365, , , , , , , ,1294.9166,1002.2167, ,1431.4504,1047.5991, ,768.057,1071.805, ,1414.7108,1076.4136, ,1436.0577,151.88461, ,1175.622,788.4146, ,1404.8088,160.35294, ,734.5455,579.7273, , , , , , , ,769.3125,556.5, , , , ,1391.7051,184.14102,*,1269.7018,862.59753, ,437.03333,939.0333,*,307.71213,73.893936, ,111.04244,841.1791, ,780.8228,2.996063, ,1271.0,705.58826, ,263.23685,233.86842,*,739.0,572.8,*,713.2778,640.2222,*,593.45,339.0,*,490.71396,191.18605, ,480.9091,198.97728, ,1195.6333,990.36664,*,1322.6666,89.25,*,714.125,622.5982, ,452.7745,1.617647, , , , , , , , , , , , , , , , 
23, , , , , , ,284.61505,83.11062,*,546.0143,88.02381, ,460.25983,103.5485, , , , , , , , , , , , , ,1428.2671,176.71918, , , , , , , ,254.4581,212.2458, , , , , , , ,262.38678,219.64151, ,1225.9349,223.04158, ,757.64087,229.34508, ,367.6556,278.7311, ,219.88564,291.34042, ,212.57042,302.88028, ,964.0805,332.49023, ,236.72794,359.42648, , , , ,1045.7926,516.1037, ,916.9361,539.7707, , , , , , , , , , , , , ,803.6421,661.2632, ,1261.8965,796.4542, ,1147.4038,798.28845, ,999.2447,820.45746, , , , ,1313.5,876.8571,*, , , ,448.45145,947.5388, ,449.32037,959.8204, , , , , , , ,1296.5,1001.23267, ,1431.4557,1047.6456, ,768.228,1072.3385, ,1414.6086,1077.3188, ,1436.881,151.19048, ,1177.1,785.73334, ,1404.909,160.34848, ,742.4091,576.9545,*, , , , , , , , , , , , ,1393.483,183.36441, ,1270.0751,862.6137, ,445.0625,936.9167,*,309.79126,73.451454, ,111.01859,840.77893, ,781.9381,2.6142857, ,1271.3077,705.3461, ,267.16037,231.00943,*,734.6818,568.92426, ,712.1,644.7,*,595.5179,338.9732, ,491.05862,189.60115, ,481.98572,198.1, ,1200.9,986.9,*,1323.1774,89.69355, ,713.1977,615.0465, ,452.5465,1.4534883, ,1194.9722,772.0833, , , , , , , , , , , , , 
24, , , , , , ,284.69266,83.022934,*,547.2772,86.87204, ,461.97675,103.13023, , , , , , , , , , , , , ,1428.5,176.86765, , , , , , , ,255.21802,212.71512,*, , , , , , ,263.3857,220.23334, ,1225.003,222.86024, ,759.9545,230.36363, ,367.43607,279.85846, ,220.28836,291.07938, ,210.86363,297.44547,*,964.4948,331.51038, ,235.7782,358.56015, , , , ,1045.8254,516.4286, ,918.187,540.37787, , , , , , , , , , , , , ,804.6413,661.1793, ,1263.6318,795.74615, ,1148.5303,797.80304, ,999.6531,820.56635, , , , ,1307.211,879.1889,*, , , ,449.8,946.62, ,448.78796,959.88745, , , , , , , ,1296.8805,1000.6087, ,1431.5,1047.902, ,768.81354,1072.4858, ,1414.8195,1076.8959, ,1436.7727,152.0, ,1177.4375,783.6875, ,1403.0869,163.15218, ,746.6818,576.86365,*, , , , , , , , , , , , ,1394.8375,182.975, ,1271.03,862.7717, ,439.21112,939.56665,*,310.14078,74.61651, , , , ,781.88635,2.3636363, ,1271.1522,704.84784, ,268.32352,231.60294, ,743.0333,568.25555,*, , , ,593.58826,338.91177, ,492.14978,190.03964, ,483.21875,198.625, ,1196.0,990.25, ,1325.5,92.318184, ,712.16815,620.9409, ,452.74075,1.7037038, ,1194.8611,772.25, ,735.6,591.6, ,200.69507,995.79364, , , , , , , 
25, , , , , , ,284.78317,81.81858, ,548.0763,87.63075, ,462.12616,104.24083, , , , , , , , , , , , , ,1426.8623,178.61594, , , , , , , ,256.78143,211.57785, , , , , , , ,264.07693,219.4327, ,1225.9056,222.41324, ,760.8571,230.0, ,367.5321,278.69724, ,221.50793,291.4656, ,212.48096,298.91904, ,964.15576,330.63663, ,235.38618,358.67075, , , , ,1045.7273,516.2197, ,919.7782,541.515, , , , , , , , , , , , , ,807.6272,661.78326, ,1264.8441,794.95374, ,1150.1028,801.26715,*,1000.0072,820.634, , , , ,1307.0,881.91174, , , , ,451.94763,946.51904, ,448.87628,959.067, , , , , , , ,1298.1194,1002.1045, ,1431.6586,1047.5033, ,769.08307,1072.4774, ,1415.3832,1077.1642, , , , ,1177.4565,782.56525, , , , ,749.60345,577.5, , , , , , , , , , , , , ,1395.3667,184.24,*,1273.2455,863.3659, ,439.22726,937.5,*,311.48114,73.179245, , , , ,781.9789,1.9507042, ,1271.4375,704.0, ,268.86365,230.35715, ,747.98,565.7,*, , , ,595.75385,338.2923, ,492.86072,189.99544, ,482.725,197.55, ,1195.8846,989.96155, ,1324.7069,88.39655, ,718.0238,624.791,*,453.64285,1.8035715, ,1194.921,771.8509, ,727.0909,595.4091,*,202.28279,994.73566, ,543.86365,101.77273, ,76.681816,111.318184, 
26, , , , , , ,285.32407,80.638885, ,548.04456,89.72651, ,462.6316,102.30622, , , , , , , , , , , , , ,1426.7572,179.47144, , , , , , , ,259.07605,210.33495, , , , , , , ,266.47058,218.54903, ,1226.864,222.8092, ,761.72144,230.25714, ,367.61035,278.0954, ,222.12761,290.9401, ,215.06944,302.69446, ,964.94025,330.84238, ,235.44354,358.00806, , , , ,1045.7106,516.2293, ,920.1822,541.3062, , , , , , , , , , , , , ,809.2778,662.8333, ,1265.3497,794.49786, ,1151.8379,802.2432, ,1000.7286,820.4429, , , , ,1308.2693,886.8077,*, , , ,452.88678,947.01886,*,448.7796,951.5559, , , , , , , ,1298.6172,1001.1953, ,1431.5156,1047.9205, ,769.3408,1073.0135, ,1414.4548,1076.8162, , , , ,1179.875,784.19446, , , , ,746.11536,571.11536,*, , , , , , , , , , , , ,1395.4883,184.28235, ,1272.5221,862.52435, , , , ,311.65686,71.166664, , , , ,781.9466,2.5679612, ,1271.1562,706.25, ,271.0,229.89285, ,749.0,560.3571,*, , , ,596.6814,337.55392, ,493.37274,189.83864, ,483.71622,197.28378, ,1198.7572,981.4429,*,1325.5,90.5, ,722.50903,633.6802, ,452.9878,1.402439, ,1195.1884,771.0325, ,724.4524,595.0476,*,204.57819,994.6852, ,543.88464,103.80769, ,74.916664,108.416664, 
27, , , , , , ,286.56088,80.21304,*,549.1141,90.601944, ,463.99762,102.69378, , , , , , , , , , , , , ,1426.2285,179.52856, , , , , , , ,262.7643,209.71146,*, , , , , , ,268.4709,219.83981, ,1226.2511,222.46637, ,762.15515,228.72069, ,367.73236,278.93735, ,222.81593,290.0457, ,213.74467,299.15958, ,962.7802,332.26373, ,236.12698,357.86508, , , , ,1045.7378,516.47736, ,920.04333,541.24805, , , , , , , , , , , , , ,808.48376,662.94867, ,1266.6516,795.3126, ,1152.3246,801.6053, ,1000.8519,820.3156, , , , ,1308.2368,885.5526,*, , , ,452.95,948.47,*,447.67258,960.33246, , , , , , , ,1298.3462,1000.4327, ,1431.4236,1047.7389, ,770.6994,1073.148, ,1415.1296,1077.1, , , , ,1179.2333,782.36664, , , , ,746.1923,566.8077,*, , , , , , , , , , , , ,1395.8533,184.67392, ,1272.6136,862.53577, , , , ,313.22223,73.72222,*, , , ,781.96466,2.5, ,1269.8572,708.2143, ,269.76315,232.07895, ,745.61536,557.4231,*, , , ,595.1957,338.94202, ,492.91412,190.59177, ,482.01065,198.84042, ,1199.6666,981.9167, ,1327.6111,89.55556, ,720.05804,625.6185, ,454.43332,1.1333333, ,1195.75,771.4352, ,719.2826,596.413,*,205.4456,993.0983, ,544.2727,104.5, ,79.65385,110.26923, 
28, , , , , , ,287.95615,79.63158,*,548.8911,90.81683, ,463.20715,103.39762, , , , , , , , , , , , , ,1426.0734,179.95334, , , , , , , ,264.85193,209.94206, , , , , , , ,269.70587,221.20589, ,1227.296,223.5285, ,762.3169,229.03522, ,366.41837,279.75397, ,223.20744,289.67288, ,215.79411,301.30884, ,962.3377,334.9398, ,236.19048,358.88095, , , , ,1045.8385,516.37695, ,918.8771,541.13934, , , , , , , , , , , , , ,807.0851,661.2553, ,1267.8162,796.20966, ,1152.7858,800.7321, ,1000.8869,820.1786, , , , ,1308.7268,880.45874,*, , , ,453.5,948.5,*, , , , , , , , , ,1296.7385,1002.3532, ,1431.444,1047.6711, ,771.1087,1073.0839, ,1414.5157,1076.4053, , , , ,1183.9926,788.30597,*, , , ,748.3929,568.0714,*, , , , , , , , , , , , ,1396.6572,180.6965, ,1273.2861,861.2925, , , , ,312.76828,69.731705,*, , , ,781.19794,2.4375, ,1271.0128,706.47437, ,273.80435,233.76086, ,748.2273,558.5, , , , ,595.1277,339.53192, ,491.44907,189.07639, ,479.98,196.66, ,1200.5,980.9545,*,1327.3889,87.27778, ,713.56604,622.73584, ,454.5,1.3378378, ,1195.6979,771.34375, ,719.6053,601.0263,*,207.26596,992.90424, ,544.8333,104.57407, ,81.125,111.5625, 
29, , , , , , ,288.85135,79.67117, ,550.44543,91.33871, ,464.18076,103.856804, , , , , , , , , , , , , ,1426.9247,181.95206, , , , , , , ,267.43332,209.60257, , , , , , , ,270.57144,221.37755, ,1227.7748,222.07921, ,761.4927,227.54411, ,366.49304,280.44214, ,223.11067,289.99335, ,213.93373,299.40363, ,963.6954,334.74652, ,236.44354,359.00806, , , , ,1045.7992,516.2235, ,920.0082,540.78687, , , , , , , , , , , , , ,808.46216,661.42975, ,1268.7817,796.8892, ,1153.8541,801.625, ,1000.4943,820.1949, , , , ,1307.9719,880.76965, , , , ,453.16666,948.399,*, , , , , , , , , ,1294.3268,1002.8858, ,1431.4908,1047.7385, ,773.0723,1073.3135, ,1414.4657,1076.1814, , , , ,1184.1046,785.6395, , , , ,749.5,576.2692,*, , , , , , , , , , , , ,1396.2233,185.47087, ,1273.6411,860.36914, , , , ,313.20102,68.37629, , , , ,781.5741,2.154321, ,1271.1552,704.81036, ,274.44232,233.15384, ,746.3182,556.8939, , , , , , , ,492.34064,188.3314, ,480.63794,195.68965, ,1197.7307,980.5769,*,1329.3422,90.26316, ,719.9698,627.0696, ,453.625,1.0416666,*,1196.5308,771.3461, ,723.8939,594.8939,*,208.99373,992.3577, ,544.9167,104.791664, ,77.15385,106.76923, 
30, , , , , , ,289.32407,79.388885, ,551.60425,91.9665, ,466.10385,104.4058, , , , , , , , , , , , , ,1427.081,182.40541, , , , , , , ,265.96698,211.78773, , , , , , , ,270.79474,221.82631, ,1227.1589,222.64618, ,761.4051,228.5438, ,366.54147,281.67282, ,223.85957,289.42126, ,213.90741,295.94446, ,965.5144,335.37018, ,237.21774,359.83066, , , , ,1045.6636,516.17285, ,919.9153,540.9237, , , , , , , , , , , , , ,809.35406,663.7757, ,1270.2516,797.8132, ,1152.8833,801.65, ,1001.0155,819.64905, , , , ,1308.5444,879.8111, , , , ,452.84653,947.1733,*, , , , , , , , , ,1295.2,1001.5455, ,1431.4253,1048.0421, ,772.54376,1073.2969, ,1415.3636,1076.909, , , , ,1187.5,793.75,*, , , ,741.5,577.5,*, , , , , , , , , , , , ,1395.726,186.09888, ,1275.1569,859.3977, , , , ,314.09756,68.95122, , , , ,782.3095,1.8015873, ,1271.0476,705.8333, ,273.42538,233.41045, ,747.0,553.2, , , , , , , ,491.14627,187.9263, ,481.59616,195.73077, ,1195.7858,989.6429,*,1328.7307,91.34615, ,714.58417,623.58417, ,454.32352,0.85294116,*,1196.1549,770.8009, ,728.0,594.2059, ,210.44803,992.6164, ,545.8571,105.10714, ,76.13636,106.22727, 
31, , , , , , ,288.2193,78.49123, ,554.07,91.06, ,467.72375,104.03653, , , , , , , , , , , , , ,1427.981,181.94304, , , , , , , ,267.39954,210.3134, , , , , , , ,270.84,221.34, ,1227.0134,222.45134, ,762.68243,230.2027, ,367.57227,282.3438, ,224.64815,290.62698, ,214.6028,296.08878, ,965.97595,335.03366, ,237.375,360.15, , , , ,1045.6392,516.19965, ,919.94916,542.7627, , , , , , , , , , , , , ,810.837,665.45654, ,1270.2124,797.98926, ,1152.8112,803.3889,*,1001.69257,820.7298, , , , ,1306.2858,880.2143, , , , ,453.0283,947.4151, , , , , , , , , , ,1294.6008,1003.6628, ,1431.273,1047.7208, ,771.41724,1073.6589, ,1414.081,1077.0676, , , , ,1183.9038,786.9231, , , , ,748.2,584.9, , , , , , , , , , , , , ,1396.7275,185.94444, ,1273.5774,860.05023, , , , ,313.18182,69.21212, , , , ,781.2105,2.0526316, ,1271.5526,705.1053, ,274.28183,233.42728, ,749.5,561.1923,*, , , , , , ,489.4146,188.39214, ,480.26923,194.9359, ,1194.5,980.2273, ,1328.407,92.26744, ,720.319,625.773, ,455.71738,0.9347826,*,1195.9576,770.6356, ,725.0417,594.2917, ,211.0,993.1625, ,549.5,104.75, ,77.65385,106.26923, 
32, , , , , , ,288.62613,79.27477, ,555.0177,91.19949, ,466.84906,102.0, , , , , , , , , , , , , ,1428.3513,182.01352, , , , , , , ,268.4,217.46207,*, , , , , , ,271.2755,221.62245, ,1227.8434,223.23685, ,764.4097,231.48611, ,367.8365,282.81992, ,224.53421,291.41315, ,214.90594,298.14355, ,966.25,334.6971, ,238.14706,359.76892, , , , ,1045.9609,516.4033, ,917.37604,543.14465, , , , , , , , , , , , , ,812.05493,666.3626, ,1270.6945,798.3034, ,1151.4333,807.56665,*,1001.5117,819.7105, , , , ,1306.4678,876.5323, , , , ,453.0437,948.67474,*, , , , , , , , , ,1293.8567,1004.9904, ,1431.1656,1047.4635, ,771.5069,1073.8987, ,1413.7783,1077.9021, , , , ,1180.8572,782.8571, , , , , , , , , , , , , , , , , , , ,1397.3953,186.76178, ,1272.9908,859.75, , , , ,313.61627,68.84884, , , , ,780.4595,2.0405405, ,1269.9445,706.3333, , , , ,749.6053,564.9737,*, , , , , , ,488.63464,189.89735,*,480.52777,197.25, , , , ,1329.5,95.25,*,720.702,626.55725, ,457.15854,1.4512196,*,1195.6,770.94446, ,726.75714,593.6429, ,210.97975,995.07996, ,549.61365,104.36364, ,80.566666,106.833336, 
33, , , , , , ,288.48245,79.22807, ,554.5725,92.29, ,464.9039,101.57299, , , , , , , , , , , , , ,1428.8684,183.19737, , , , , , , ,269.63266,222.39796,*, , , , , , , , , ,1227.9816,223.40909, ,763.9722,231.85417, ,367.1278,283.4686, ,225.47368,290.8, ,215.48901,297.56595, ,966.3986,334.98846, ,238.532,359.476, , , , ,1045.9905,516.3441, ,917.2167,544.39166, , , , , , , , , , , , , ,812.6967,666.24866, ,1271.6967,798.34564, ,1152.2671,801.78766,*,1000.53516,820.0678, , , , ,1306.3235,879.82355,*, , , ,452.5693,948.79706,*, , , , , , , , , ,1292.9963,1005.83575, ,1431.0474,1047.5769, ,772.3622,1074.0336, ,1414.0135,1078.1082, , , , ,1180.5769,783.8077, , , , , , , , , , , , , , , , , , , ,1397.5963,187.54279, ,1273.2704,860.0472, , , , ,313.82788,69.172134, , , , ,780.21277,2.393617, ,1271.7,705.26666, , , , ,747.6667,555.8333,*, , , , , , ,489.10934,192.50636,*,480.88235,199.88235, , , , ,1325.9,90.344444,*,722.2442,631.4535, ,457.5,1.9426229,*,1195.225,771.3625, ,726.9737,594.0789,*,212.33156,996.72815, ,548.8684,105.39474, ,77.911766,107.73529, 
34, , , , , , ,288.5086,77.39655, ,554.11206,93.099495, ,463.77686,100.98926, , , , , , , , , , , , , ,1431.3534,182.78, , , , , , , ,271.11224,221.61224, , , , , , , , , , ,1228.3273,222.99738, ,764.56476,232.43526, ,367.11,283.6338, ,225.23158,291.02368, ,215.10825,297.56186, ,966.78125,335.25, ,238.8772,359.76315, , , , ,1046.1757,516.11005, ,916.56036,545.2069, , , , , , , , , , , , , ,813.387,666.6921, ,1272.2949,797.7516, ,1151.9375,802.53125, ,1000.13104,820.8641, , , , ,1305.0,879.0714,*, , , ,451.6188,949.84656,*, , , , , , , , , ,1292.981,1006.4051, ,1431.1158,1047.9663, ,771.1921,1073.7417, ,1413.341,1078.5682, , , , ,1179.2391,783.9783, , , , , , , , , , , , , , , , , , , ,1399.3722,189.1842, ,1271.5912,858.1084, , , , ,313.15625,64.4375, , , , ,781.8333,2.557143, ,1270.0,708.25, , , , ,747.2692,554.53845,*, , , , , , ,488.93872,193.1172, ,480.32977,199.84042, , , , ,1327.4678,90.8871, ,721.129,631.6613, ,459.3169,2.1619718,*,1194.9219,770.9219, ,726.75,593.7222,*,211.6858,995.91547, ,547.0714,105.97619, ,75.22,106.9, 
35, , , , , , ,288.6239,77.641594,*,553.8128,94.660095, ,464.05,99.98333, , , , , , , , , , , , , ,1432.829,184.27632, , , , , , , ,273.3969,220.75774, , , , , , , , , , ,1228.3506,222.73369, ,766.14026,233.08273, ,367.36438,286.1092, ,224.38127,289.5475, ,214.62245,296.11224, ,967.40186,336.0, ,239.54465,360.4732, , , , ,1045.9546,516.2235, ,915.7411,545.5268, , , , , , , , , , , , , ,813.26135,666.51135, ,1271.8892,797.49567, ,1152.3029,802.669, ,1000.19037,820.3883, , , , ,1306.4,883.65,*, , , ,451.14355,949.6485,*, , , , , , , , , ,1292.2238,1005.4905, ,1431.2278,1047.7172, ,771.24457,1073.444, ,1412.0834,1078.75, , , , ,1182.54,786.7,*, , , , , , , , , , , , , , , , , , , , , ,1270.7539,858.2348, , , , ,312.13635,63.257576, , , , ,782.1583,2.8083334, ,1271.2142,705.1, , , , ,747.4091,564.13635,*, , , , , , ,488.88702,193.8736, ,480.02274,200.79546, , , , ,1328.9923,91.684616, ,730.3187,635.5375,*,458.5,2.4135802, ,1194.9125,770.8875, ,730.1909,594.66364,*,212.34178,995.47363, ,546.125,107.083336, ,75.46154,106.26923, 
36, , , , , , ,287.84546,78.05454,*,554.12256,94.79412, ,465.95734,102.07346, , , , , , , , , , , , , ,1433.8718,184.15384, , , , , , , ,275.0,221.62245, , , , , , , , , , ,1229.0212,223.22873, ,768.2252,233.62213, ,367.42343,286.18695, ,224.90263,287.77106, ,215.0567,294.3866, ,968.11615,334.8889, ,240.88182,360.7, , , , ,1045.92,516.2658, ,915.0398,546.3938, , , , , , , , , , , , , ,813.3232,665.8425, ,1273.2251,797.9286, ,1144.8265,800.9541,*,1000.79285,820.69336, , , , ,1305.9286,883.7857,*, , , ,450.33,949.66, , , , , , , , , , ,1293.2029,1006.7319, ,1431.0337,1047.514, ,771.887,1073.4845, , , , , , , ,1182.0814,784.3605, , , , , , , , , , , , , , , , , , , , , , ,1269.9153,858.8856, , , , ,313.89026,70.15854,*, , , ,781.07227,3.7349398, ,1272.0,705.4375, , , , ,746.54,567.82,*, , , , , , ,489.61575,193.05092, ,479.5,200.52083, , , , ,1329.2174,93.021736, ,733.6318,637.94183, ,458.05225,2.1119404,*,1196.3829,771.21173, ,735.3333,592.9524,*,214.26508,995.2713, ,547.4375,107.75, ,75.46722,106.172134, 
37, , , , , , ,287.4469,79.013275, ,555.5846,94.15174, ,465.10788,101.25174, , , , , , , , , , , , , ,1433.5845,183.5, , , , , , , ,276.04544,221.5303,*, , , , , , , , , ,1229.0491,223.17639, ,770.1842,234.32707, ,368.85345,286.2047, ,225.74147,287.1824, ,215.19662,293.691, ,967.9874,334.44974, ,242.27777,362.12036, , , , ,1046.2273,516.23486, ,913.7522,545.50867, , , , , , , , , , , , , ,814.02484,667.9475, ,1273.928,797.0087, ,1142.9097,801.1747, ,1001.22894,821.22894, , , , , , , , , , ,450.25757,950.7525, , , , , , , , , , ,1293.9331,1007.63385, ,1431.0087,1047.7515, ,771.95654,1073.5342, , , , , , , ,1180.8,782.3, , , , , , , , , , , , , , , , , , , , , , ,1269.7094,858.32263, , , , ,313.32455,71.60526,*, , , ,779.42413,3.3206897, ,1271.1522,704.2826, , , , ,745.2222,566.8889,*, , , , , , ,489.5067,194.21588, ,480.6842,201.8158, , , , ,1328.4,90.98572,*,733.2273,642.2273, ,458.34286,2.142857,*,1196.388,771.7586, ,735.5,592.94, ,216.35062,996.3983, ,547.5,106.4, ,74.12319,105.68841, 
38, , , , , , ,286.6293,78.92242, ,555.9106,94.47985, ,465.27048,102.36651, , , , , , , , , , , , , ,1434.8457,184.08025, , , , , , , ,276.7376,222.65842, , , , , , , , , , ,1228.3636,223.12032, ,772.05475,234.61679, ,369.12198,286.12198, ,225.29576,287.84216, ,214.9375,294.77084, ,967.3723,335.1383, ,243.74771,362.90366, , , , ,1045.936,516.4023, ,914.6453,544.2863, , , , , , , , , , , , , ,813.85596,670.2458, ,1274.8158,796.6711, ,1143.8588,801.51764, ,1001.66376,820.2544, , , , , , , , , , ,451.5,952.1701,*, , , , , , , , , ,1294.3148,1009.9889, ,1431.0776,1047.8793, ,772.7096,1073.2784, , , , , , , ,1178.3928,778.2143,*, , , , , , , , , , , , , , , , , , , , , ,1268.794,857.89545, , , , ,312.94897,71.78571, , , , ,779.7154,2.9846153, ,1270.6428,704.2143, , , , , , , , , , , , , ,490.67307,194.27403, ,480.55264,201.63158, , , , ,1330.4382,91.104935, ,731.44806,636.8571, ,457.55713,2.1857142,*,1196.6459,770.7222, ,732.51263,593.3608,*,217.98387,996.47205, ,549.9722,107.30556, ,74.583336,106.729164, 
39, , , , , , ,286.4478,78.96087, ,555.78394,95.444725, ,465.42746,102.02747, , , , , , , , , , , , , ,1436.097,184.67911, , , , , , , ,276.83,223.69, , , , , , , , , , ,1228.1735,223.93701, ,773.76154,234.03076, ,370.44702,284.78918, ,226.20712,287.90634, ,215.47873,294.76596, ,967.3372,334.98837, ,244.39622,362.80188, , , , ,1045.963,516.48834, ,917.09827,544.6624, , , , , , , , , , , , , ,813.39386,669.4832, ,1275.4281,797.3083, ,1145.4469,801.02655,*,1003.0639,821.2218, , , , , , , , , , ,452.64,950.45,*, , , , , , , , , ,1295.0896,1010.0821, ,1431.0905,1047.871, ,773.7709,1073.8779, , , , , , , ,1172.2222,774.7222, , , , , , , , , , , , , , , , , , , , , , ,1269.3876,858.0643, , , , ,311.92856,69.07143,*, , , ,780.6947,2.818584, ,1271.125,706.725,*, , , , , , , , , , , , ,491.54056,193.27089, ,480.41306,200.76086, , , , ,1331.0443,91.158226, ,734.02545,637.8305, ,458.30234,2.5232558,*,1196.922,769.3902, , , , ,219.23505,996.0064, ,549.3611,108.30556, ,73.64815,105.92593, 
40, , , , , , ,287.40756,78.14706, ,555.8652,96.1348, ,465.79358,102.05275, , , , , , , , , , , , , ,1436.8966,183.98276, , , , , , , ,276.11053,222.95264, , , , , , , , , , ,1228.1925,224.79199, ,773.9161,232.5949, ,369.75958,283.48193, ,226.47389,289.21802, ,216.05103,295.7245, ,966.4172,334.07962, ,245.27359,361.49057, , , , ,1046.2039,516.1731, ,918.0526,544.9211, , , , , , , , , , , , , ,813.0829,668.9857, ,1275.5725,798.1915, ,1144.7559,802.6163, ,1003.13965,820.1306, , , , , , , , , , ,453.39423,950.4231,*, , , , , , , , , ,1295.4827,1009.1435, ,1430.9943,1047.3372, ,773.63196,1074.0347, , , , , , , , , , , , , , , , , , , , , , , , , , , , , , , , , , , , , ,312.91934,66.629036, , , , ,779.62054,3.1879432, ,1272.2084,704.2083, , , , , , , , , , , , , ,492.8577,193.81487, ,480.76785,202.23215, , , , ,1330.462,90.917725, ,739.25,635.25,*,458.75687,3.0045872,*,1197.3271,769.82715, , , , ,219.97733,995.6404, ,550.9286,109.85714, ,73.957146,104.62857, 
41, , , , , , ,288.88937,77.39381,*,557.3645,97.84236, ,465.72726,102.27273, , , , , , , , , , , , , ,1436.9828,183.24138, , , , , , , ,275.04718,224.3868, , , , , , , , , , ,1227.862,224.91626, ,774.05884,231.76471, ,368.80978,283.59338, ,226.16313,289.70956, ,215.98598,295.93924, ,966.3461,333.45514, ,245.20093,360.46262, , , , ,1045.515,515.9098, ,917.7696,545.8913, , , , , , , , , , , , , ,813.8587,669.86414, ,1275.3059,798.4367, ,1146.0596,801.61914, ,1003.00494,822.00494,*, , , , , , , , , ,453.23785,949.73303,*, , , , , , , , , ,1295.1268,1009.0597, ,1431.054,1047.6895, ,773.6111,1073.8906, , , , , , , , , , , , , , , , , , , , , , , , , , , , , , , , , , , , , ,313.14285,64.0, , , , ,777.6987,3.5434783, ,1270.5883,705.41174, , , , , , , , , , , , , ,492.3111,194.22797, ,479.91934,202.12903, , , , ,1328.5673,90.07692,*,737.2629,636.7062, ,459.5877,3.0263157,*,1198.1104,768.26526, , , , ,221.16377,995.8384, ,551.8714,111.27143, ,75.416664,103.833336, 
42, , , , , , ,289.75894,76.53571,*,557.0572,96.190994, ,465.94656,102.421616, , , , , , , , , , , , , ,1436.5938,183.85938, , , , , , , ,275.9,223.56,*, , , , , , , , , ,1228.7583,225.52606, ,774.10144,232.91304, ,369.2444,283.47308, ,226.37927,289.57086, ,216.07272,295.55453, ,967.1087,333.77536, ,246.48058,360.4903, , , , ,1046.0564,516.1165, ,918.6652,545.99567, , , , , , , , , , , , , ,814.0792,672.05194, ,1275.7651,798.1875, ,1147.1179,801.65564, ,1001.7126,821.5079, , , , , , , , , , ,453.57477,947.9673, , , , , , , , , , ,1295.2881,1006.18646, ,1431.2043,1047.616, ,772.975,1074.2858, , , , , , , , , , , , , , , , , , , , , , , , , , , , , , , , , , , , , ,314.66,65.18, , , , ,778.97955,3.7690058, ,1270.7285,706.7286, , , , , , , , , , , , , ,492.69598,194.30402, ,479.959,201.90984, , , , ,1329.2327,91.23267, , , , ,462.81708,3.2723577,*,1198.337,768.3326, , , , ,221.48273,996.9147, ,551.36206,109.56896, ,74.99451,104.04945, 
43, , , , , , ,288.80972,77.4646,*,556.6867,96.59828, ,465.07407,102.3125, , , , , , , , , , , , , ,1436.8606,184.17213, , , , , , , ,276.55,222.47,*, , , , , , , , , ,1228.5228,226.56606, ,774.23724,233.30292, ,370.0848,283.93304, ,226.37697,289.31415, ,216.28847,296.26923, ,965.92975,334.55786, ,246.63274,359.98672, , , , ,1045.7858,516.2293, ,917.6826,546.36084, , , , , , , , , , , , , ,815.57733,672.54974, ,1275.3398,799.55194, ,1146.8127,802.32465, ,1001.4028,821.19446, , , , , , , , , , ,453.44232,947.78845, , , , , , , , , , ,1295.863,1007.5753, ,1431.2006,1047.5116, ,771.55414,1074.2112, , , , , , , , , , , , , , , , , , , , , , , , , , , , , , , , , , , , , ,313.0263,65.552635, , , , ,777.9627,4.226368, ,1269.6052,707.7632,*, , , , , , , , , , , , ,493.79688,194.59114, ,480.96295,203.05556, , , , ,1328.4451,87.72561,*, , , ,463.3158,3.0877192, ,1197.7915,768.76904, , , , ,221.84177,996.50635, ,551.5909,110.13636, ,76.152176,105.384056, 
44, , , , , , ,290.02777,77.75,*,557.7315,97.839905, ,466.70276,102.91936, , , , , , , , , , , , , ,1436.9736,183.32455, , , , , , , ,277.68518,223.83333,*, , , , , , , , , ,1227.5553,226.23894, ,774.4624,233.8985, ,371.45633,283.8581, ,227.187,289.15253, ,217.02809,297.42136, ,967.00793,334.73016, ,245.29465,360.16965, , , , ,1045.9415,516.1641, ,918.3214,545.8482, , , , , , , , , , , , , ,815.7108,671.2946, ,1274.6199,800.16016, ,1146.2871,801.41583, ,1000.4945,820.7253, , , , , , , , , , ,454.5291,947.87866,*, , , , , , , , , ,1295.95,1007.44165, ,1430.9058,1047.66, ,771.3146,1074.2418, , , , , , , , , , , , , , , , , , , , , , , , , , , , , , , , , , , , , ,313.40475,63.261906, , , , ,778.2207,4.653153, ,1271.3823,704.6177, , , , , , , , , , , , , ,494.02332,194.19948, ,481.0091,202.06363, , , , ,1328.6859,88.17839, , , , ,463.94556,2.7970297,*,1197.9286,768.91473, , , , ,221.22978,996.3425, ,552.5741,111.5, ,76.04,105.36, 
45, , , , , , ,289.18182,78.29091,*,559.03613,98.04863, ,468.8559,103.15066, , , , , , , , , , , , , ,1437.5889,183.9, , , , , , , ,276.19446,222.38889,*, , , , , , , , , ,1227.3905,227.56061, ,775.8406,233.55797, ,371.67685,283.50873, ,227.99867,287.67508, ,217.89081,294.6954, ,967.13495,334.3254, ,245.22974,359.62613, , , , ,1045.9626,516.22015, ,918.6565,545.01306, , , , , , , , , , , , , ,816.60614,670.7905, ,1275.5305,800.89954, ,1146.435,801.46, ,999.3738,820.69904, , , , , , , , , , ,456.34467,949.0728,*, , , , , , , , , ,1295.6438,1006.2534, ,1431.1862,1047.6847, ,771.512,1074.7008, , , , , , , , , , , , , , , , , , , , , , , , , , , , , , , , , , , , , ,314.0,64.45, , , , ,778.9919,5.012195, ,1270.079,706.9211,*, , , , , , , , , , , , ,493.38998,193.93521, ,481.4565,201.63043, , , , ,1327.671,87.61399, , , , ,465.71347,2.5786517,*,1197.864,768.8641, , , , ,222.32068,996.8228, ,554.2,111.675, ,75.5198,103.54951, 
46, , , , , , ,288.4386,79.00877,*,559.6679,99.487465, ,469.63876,105.36122, , , , , , , , , , , , , ,1437.4783,185.10869, , , , , , , ,275.06732,223.21153, , , , , , , , , , ,1228.4346,227.6799, ,776.14087,234.88733, ,370.36853,284.76077, ,227.1095,288.19128, ,216.82353,294.451, ,966.0208,333.71875, ,245.86284,359.5531, , , , ,1045.884,516.0703, ,918.7963,545.64813, , , , , , , , , , , , , ,818.17426,670.19714, ,1276.8209,800.511, ,1145.7307,801.66925, ,999.6058,820.85095, , , , , , , , , , ,459.48935,949.09576,*, , , , , , , , , ,1296.1455,1008.3091,*,1431.1228,1047.5029, ,772.7831,1075.2489, , , , , , , , , , , , , , , , , , , , , , , , , , , , , , , , , , , , , ,313.4189,66.689186,*, , , ,779.8553,5.944079, ,1270.5,707.26, , , , , , , , , , , , , ,490.82452,193.45673, ,480.45,201.325, , , , ,1327.3085,88.952126, , , , ,466.8585,2.971698,*,1197.8064,769.7634, , , , ,222.34906,995.1394, ,553.86584,112.67073, ,77.94118,103.0, 
47, , , , , , ,289.1422,79.288994,*,560.38116,100.04703, ,469.59677,105.78427, , , , , , , , , , , , , ,1438.2333,185.5, , , , , , , ,276.27142,223.60477, , , , , , , , , , ,1228.438,228.01494, ,777.1978,234.22662, ,370.96594,285.62747, ,227.26842,290.56842, ,216.74272,296.38348, ,965.4286,332.66327, ,247.8,359.76364, , , , ,1045.832,516.26715, ,918.3596,545.9298, , , , , , , , , , , , , ,818.7414,671.3046, ,1278.2933,799.58887, ,1146.241,801.91364, ,999.7738,820.4762, , , , , , , , , , ,460.35263,949.0158,*, , , , , , , , , ,1296.121,1008.87256,*,1431.0669,1047.6595, ,773.5273,1075.259, , , , , , , , , , , , , , , , , , , , , , , , , , , , , , , , , , , , , ,313.58334,66.916664,*, , , ,779.6036,6.069579, ,1270.5358,706.0357, , , , , , , , , , , , , ,490.38916,193.81807, ,480.52222,202.05556, , , , ,1327.0195,88.801674, , , , ,465.67053,3.3837209,*,1197.1244,769.3439, , , , ,222.39331,993.58575, ,554.06665,113.23333, ,80.03012,103.1747, 
48, , , , , , ,288.93637,80.10909,*,560.5123,101.2679, ,469.6787,105.955826, , , , , , , , , , , , , ,1438.6904,184.5, , , , , , , ,277.0,222.5, , , , , , , , , , ,1228.4977,227.10606, ,777.55,233.40715, ,372.3287,286.0653, ,226.82901,291.65027, ,216.23738,297.77274, ,965.57294,331.8646, ,248.80556,360.5926, , , , ,1046.1305,516.37317, ,918.9434,545.8868, , , , , , , , , , , , , ,818.8657,673.1857, ,1278.3206,798.3709, ,1145.5051,801.7704, ,999.9674,820.81525, , , , , , , , , , ,460.23404,948.07446,*, , , , , , , , , ,1295.8655,1007.9345, ,1431.0316,1047.4512, ,774.2761,1075.5547, , , , , , , , , , , , , , , , , , , , , , , , , , , , , , , , , , , , , ,312.5476,63.92857,*, , , ,777.93024,6.6038575, ,1271.9193,704.2742, , , , , , , , , , , , , ,492.14075,193.14073, ,483.2143,200.9, , , , ,1326.8163,89.60714, , , , ,465.79926,3.5656934, ,1197.623,769.3, , , , ,222.07024,994.3533, ,554.0,114.666664, ,80.02702,104.932434, 
49, , , , , , ,289.84863,80.59174, ,561.38666,101.44206, ,470.16666,105.12048, , , , , , , , , , , , , ,1438.6904,186.5, , , , , , , ,277.3761,222.5885, , , , , , , , , , ,1228.9431,227.33412, ,778.6857,233.43571, ,372.6631,287.0601, ,227.32722,293.40576, ,216.29167,298.53125, ,964.63336,332.50952, ,249.11607,360.3393, , , , ,1046.0187,516.5597, ,918.12164,546.75226, , , , , , , , , , , , , ,820.4663,673.44385, ,1278.4755,798.6002, ,1147.8145,801.5524, ,1000.8605,820.5, , , , , , , , , , ,461.2143,949.61224,*, , , , , , , , , ,1295.2306,1008.45807, ,1430.8735,1047.4803, ,775.64935,1076.3507, , , , , , , , , , , , , , , , , , , , , , , , , , , , , , , , , , , , , ,315.65,68.8,*, , , ,778.6613,7.1989245, ,1274.2,703.9, , , , , , , , , , , , , ,493.2944,194.98131, ,483.84286,202.55714, , , , ,1325.1061,90.35354, , , , ,466.55264,3.8355262, ,1198.25,768.60596, , , , ,222.41476,994.29626, ,554.8158,114.52631, ,81.99351,104.292206, 
50, , , , , , ,290.1,79.62727,*,561.6032,102.13882, ,470.81314,105.3606, , , , , , , , , , , , , ,1438.3572,186.5, , , , , , , ,278.16037,222.79245, , , , , , , , , , ,1229.782,227.58434, ,778.65826,233.75899, ,373.85498,287.7857, ,227.55194,293.1831, ,216.66667,298.72916, ,964.413,332.98914, ,248.24359,360.6966, , , , ,1046.1357,516.3476, ,918.4375,545.8036, , , , , , , , , , , , , ,822.0944,673.41113, ,1277.627,797.6293, ,1149.7955,801.367, ,1001.2632,821.0132, , , , , , , , , , ,461.5707,949.2273,*, , , , , , , , , ,1295.5398,1009.5861, ,1430.9957,1047.4308, ,775.933,1077.3763, , , , , , , , , , , , , , , , , , , , , , , , , , , , , , , , , , , , , ,313.75,65.875, , , , ,779.9534,6.310559, ,1269.9615,706.5, , , , , , , , , , , , , ,494.74362,193.78539, ,484.42856,201.80952, , , , ,1326.8068,90.94886, , , , ,467.28195,3.4924812, ,1198.9176,767.6685, , , , ,223.16312,995.7708, ,554.8823,114.97059, ,82.764366,104.465515, 
51, , , , , , ,288.55405,79.554054,*,562.0257,101.73472, , , , , , , , , , , , , , , , ,1438.6305,186.19565, , , , , , , ,279.33496,222.25728, , , , , , , , , , ,1229.8607,227.53233, ,778.6449,235.37682, ,374.11905,289.61255, ,228.86787,292.557, ,218.11539,298.24725, ,965.5877,333.4386, ,248.28688,360.86066, , , , ,1045.7235,516.2045, ,919.23395,545.9679, , , , , , , , , , , , , ,822.5217,673.73914, ,1278.0302,796.78937, ,1149.3455,800.42755, ,1001.2483,821.4796, , , , , , , , , , ,461.4091,948.23737,*, , , , , , , , , ,1295.9568,1008.80865, ,1430.9214,1047.4045, ,775.7985,1077.9626, , , , , , , , , , , , , , , , , , , , , , , , , , , , , , , , , , , , , , , , , , , ,780.8199,5.9276094, ,1271.75,704.5357, , , , , , , , , , , , , ,495.62933,192.96883, ,485.0,201.29546, , , , ,1327.627,91.57937, , , , ,468.69513,3.2723577,*,1198.2031,767.97656, , , , ,223.99675,995.4848, ,556.3485,115.07576, ,83.02564,102.98718, 
52, , , , , , ,288.94955,80.68349,*,562.102,101.75553, , , , , , , , , , , , , , , , ,1438.6904,186.5, , , , , , , ,279.21295,223.59259, , , , , , , , , , ,1230.3245,228.10559, ,778.7955,235.25, ,375.93097,290.80545, ,228.83943,292.1684, ,217.91,297.86, ,967.4313,332.95038, ,248.425,361.09167, , , , ,1045.8811,516.1755, ,918.5833,547.21295, , , , , , , , , , , , , ,823.4679,672.98126, ,1278.314,797.9721, ,1150.5503,800.05865, ,1001.58057,821.40607, , , , , , , , , , ,462.35577,948.6442,*, , , , , , , , , ,1297.5635,1009.873, ,1431.2068,1047.33, ,777.5,1078.0074, , , , , , , , , , , , , , , , , , , , , , , , , , , , , , , , , , , , , , , , , , , ,782.2267,6.016667, ,1270.95,705.9,*, , , , , , , , , , , , ,496.22543,192.05667, ,483.4091,200.35454, , , , ,1327.521,91.72632, , , , ,469.78244,3.423664, ,1197.1456,772.8819, , , , ,223.5903,993.5793, ,553.9737,113.97369, ,82.51351,103.324326, 
53, , , , , , ,289.03638,80.65455,*,562.3493,102.447365, , , , , , , , , , , , , , , , , , , , , , , , , ,280.45413,223.62843, , , , , , , , , , ,1230.6195,228.71039, ,780.4854,234.3686, ,374.57217,289.87155, ,228.28069,292.03003, ,217.77884,298.45193, ,967.661,331.21185, ,249.25438,360.1228, , , , ,1046.1378,516.0827, ,918.09485,547.62067, , , , , , , , , , , , , ,823.47266,673.1229, ,1277.8865,798.8889, ,1150.9495,800.4213, ,1002.07245,821.3623, , , , , , , , , , ,462.76215,948.4418,*, , , , , , , , , ,1298.0338,1010.52704, ,1431.1329,1047.5983, ,779.0,1077.9688, , , , , , , , , , , , , , , , , , , , , , , , , , , , , , , , , , , , , , , , , , , ,783.0809,5.4889708, ,1270.9762,705.0238, , , , , , , , , , , , , ,496.1256,190.87439, ,483.4649,198.41228, , , , ,1329.1716,89.5995, , , , ,469.284,3.348, ,1196.9387,770.05164, , , , ,222.85077,993.1144, ,556.5,116.208336, ,84.05446,103.90594, 
54, , , , , , ,289.2768,81.0625,*,563.08923,104.08191, , , , , , , , , , , , , , , , , , , , , , , , , ,280.06604,224.50943, , , , , , , , , , ,1230.7284,228.1599, ,782.2714,235.09285, ,372.722,290.2846, ,228.80789,291.50525, ,218.15686,297.31372, ,967.9375,331.53906, ,249.4,362.09167, , , , ,1045.7667,516.3333, ,917.3547,547.1068, , , , , , , , , , , , , ,824.76373,673.7308, ,1277.2529,798.97766, ,1150.8276,800.62067, ,1002.11786,820.61383, , , , , , , , , , ,463.64432,948.4382,*, , , , , , , , , ,1298.4076,1010.5252, ,1430.9912,1047.3479, ,777.92645,1077.8971, , , , , , , , , , , , , , , , , , , , , , , , , , , , , , , , , , , , , , , , , , , ,782.78424,5.8122807, ,1271.2273,704.63635, , , , , , , , , , , , , ,495.87164,190.74449, ,482.5606,198.10606, , , , ,1328.6588,92.29412, , , , ,467.76135,4.346591,*,1198.2384,768.3692, , , , ,223.89009,993.3944, ,557.375,117.0625, ,83.72222,105.09722, 
55, , , , , , ,290.01785,81.82143,*,562.8571,105.997536, , , , , , , , , , , , , , , , , , , , , , , , , ,280.1916,224.50934, , , , , , , , , , ,1231.1818,228.93939, ,783.8986,236.03378, ,372.2943,292.10394, ,228.43651,291.24075, ,217.83333,297.06863, ,968.51447,331.68842, ,250.268,363.236, , , , ,1045.8932,516.23285, ,917.3991,547.7752, , , , , , , , , , , , , ,825.1188,674.1077, ,1278.429,798.6232, ,1148.9471,801.8414, ,1002.29816,821.2615, , , , , , , , , , ,464.93332,949.1445,*, , , , , , , , , ,1297.7944,1010.55524, ,1431.1868,1047.4368, ,779.56384,1078.3298, , , , , , , , , , , , , , , , , , , , , , , , , , , , , , , , , , , , , , , , , , , ,784.07776,6.2555556, ,1271.5,704.7105, , , , , , , , , , , , , ,495.75824,191.86203, ,481.80508,199.5, , , , ,1328.0505,92.764046, , , , ,466.45062,4.1358023,*,1198.1115,769.59845, , , , ,223.7039,993.1746, ,559.5345,120.63793, ,83.12791,105.27907, 
56, , , , , , ,291.02295,81.80275,*,563.266,105.16749, , , , , , , , , , , , , , , , , , , , , , , , , ,281.2383,224.61215, , , , , , , , , , ,1232.1162,229.39818, ,784.24304,236.41667, ,374.07385,293.38187, ,228.71785,292.05118, ,217.80612,298.11224, ,968.97406,332.2926, ,249.48462,364.07693, , , , ,1045.8439,516.1324, ,917.21155,546.6923, , , , , , , , , , , , , ,825.1369,674.61176, ,1279.7421,799.16016, ,1148.8491,801.4181, ,1002.3425,821.5, , , , , , , , , , ,465.28888,950.0111,*, , , , , , , , , ,1297.5411,1008.91174, ,1431.0393,1047.5533, ,779.8421,1078.5526, , , , , , , , , , , , , , , , , , , , , , , , , , , , , , , , , , , , , , , , , , , ,784.9391,6.848442, ,1269.7667,706.1667,*, , , , , , , , , , , , ,495.84924,191.97739, ,482.37143,199.75714, , , , ,1326.8866,93.670105, , , , ,465.7622,4.121951, ,1197.8196,769.42786, , , , ,225.2871,992.3581, ,558.5645,119.20968, ,84.12366,105.5, 
57, , , , , , ,291.57208,81.51802,*,563.8209,105.410446, , , , , , , , , , , , , , , , , , , , , , , , , ,279.9466,224.3835, , , , , , , , , , ,1230.3854,229.572, ,782.78674,236.83566, ,372.9301,294.8785, ,227.98042,292.25717, ,217.13266,298.76532, ,971.7837,331.5851, ,249.22728,365.4091, , , , ,1046.0585,516.19055, ,917.4231,546.4519, , , , , , , , , , , , , ,823.8838,674.24054, ,1280.3752,799.58875, ,1150.1226,800.7451, ,1002.472,821.2477, , , , , , , , , , ,466.3481,949.2468, , , , , , , , , , ,1298.061,1008.4268, ,1431.1105,1047.6831, ,780.3125,1078.6875, , , , , , , , , , , , , , , , , , , , , , , , , , , , , , , , , , , , , , , , , , , ,783.7792,6.8931623, ,1270.9348,704.63043,*, , , , , , , , , , , , ,496.13818,192.39195, ,482.20493,199.51639, , , , ,1326.0549,93.40173, , , , ,467.07144,3.3809524,*,1197.4379,769.48303, , , , ,226.33913,990.663, ,559.06757,119.14865, ,85.451454,105.28641,*
58, , , , , , ,289.79465,82.69643,*,564.50244,105.18059, , , , , , , , , , , , , , , , , , , , , , , , , ,278.96533,224.69801, , , , , , , , , , ,1230.4286,229.4945, ,782.89856,238.27536, ,374.75107,295.90427, ,227.9026,293.55975, ,217.25893,299.1875, ,972.34875,329.07983, ,248.4375,364.89062, , , , ,1046.0265,516.3485, ,919.75,547.57294, , , , , , , , , , , , , ,823.0,673.69586, ,1281.2296,800.134, ,1151.1464,800.8757, ,1002.9312,822.6468, , , , , , , , , , ,467.60715,950.8095, , , , , , , , , , ,1297.5723,1008.07776, ,1430.9384,1047.4341, ,780.12164,1078.6351, , , , , , , , , , , , , , , , , , , , , , , , , , , , , , , , , , , , , , , , , , , ,784.1292,6.949438, ,1271.0,705.2273, , , , , , , , , , , , , ,496.28296,193.11499, ,483.07376,201.20493, , , , ,1326.481,93.31013, , , , ,467.30984,3.6619718, ,1197.79,768.89, , , , ,225.30736,990.3723, ,560.85,119.2, ,85.76373,105.32417, 
59, , , , , , ,289.5614,81.70175,*,564.8612,106.10442, , , , , , , , , , , , , , , , , , , , , , , , , ,277.83,223.35,*, , , , , , , , , ,1230.3805,229.13586, ,782.9014,239.23944, ,374.64862,296.29407, ,226.19473,293.52106, ,215.5177,299.7301, ,972.2846,329.06152, ,247.532,364.908, , , , ,1046.0948,516.5558, ,920.73334,547.08887, , , , , , , , , , , , , ,824.53296,674.2033, ,1283.0398,801.047, ,1151.764,800.8708, ,1002.9353,821.3706,*, , , , , , , , , ,468.34616,950.0692, , , , , , , , , , ,1297.0647,1006.6059, ,1431.0304,1047.5782, ,780.6702,1078.3937, , , , , , , , , , , , , , , , , , , , , , , , , , , , , , , , , , , , , , , , , , , ,785.01245,7.0401664, ,1270.3462,705.6539, , , , , , , , , , , , , ,496.05933,194.50969, ,482.31357,202.21187, , , , ,1326.9398,92.56024, , , , ,466.43677,4.3448277,*,1198.4861,769.00696, , , , ,225.69528,991.41846, ,561.1279,120.31396, ,87.457985,104.86975, 
60, , , , , , ,290.03098,81.28761,*,566.1667,105.32609, , , , , , , , , , , , , , , , , , , , , , , , , ,276.8524,222.54762, , , , , , , , , , ,1230.9426,229.748, ,783.0442,238.81293, ,374.80936,295.9684, ,226.66623,293.8013, ,216.49,300.27, ,972.12994,329.21652, ,247.65874,363.2857, , , , ,1045.8969,516.3214, ,920.7593,547.12964, , , , , , , , , , , , , ,825.2688,673.0806, ,1284.4877,802.1963, ,1151.3508,800.63257, ,1003.4773,821.3523, , , , , , , , , , ,468.37143,951.1857, , , , , , , , , , ,1297.6666,1006.94, ,1430.837,1047.5306, ,780.9259,1078.2593, , , , , , , , , , , , , , , , , , , , , , , , , , , , , , , , , , , , , , , , , , , ,785.44055,7.145946, ,1270.4259,707.5741, , , , , , , , , , , , , ,496.32077,193.72597, ,483.00793,201.88095, , , , , , , , , , ,466.23056,4.6606216, ,1197.9854,769.53925, , , , ,224.40558,993.6652, ,563.125,119.71875, ,87.15873,105.24603, 
61, , , , , , ,290.03098,81.28761,*,566.1667,105.32609, , , , , , , , , , , , , , , , , , , , , , , , , ,276.8524,222.54762, , , , , , , , , , ,1230.9426,229.748, ,783.0442,238.81293, ,374.80936,295.9684, ,226.66623,293.8013, ,216.49,300.27, ,972.12994,329.21652, ,247.65874,363.2857, , , , ,1045.8969,516.3214, ,920.7593,547.12964, , , , , , , , , , , , , ,825.2688,673.0806, ,1284.4877,802.1963, ,1151.3508,800.63257, ,1003.4773,821.3523, , , , , , , , , , ,468.37143,951.1857, , , , , , , , , , ,1297.6666,1006.94, ,1430.837,1047.5306, ,780.9259,1078.2593, , , , , , , , , , , , , , , , , , , , , , , , , , , , , , , , , , , , , , , , , , , ,785.44055,7.145946, ,1270.4259,707.5741, , , , , , , , , , , , , ,496.32077,193.72597, ,483.00793,201.88095, , , , , , , , , , ,466.23056,4.6606216, ,1197.9854,769.53925, , , , ,224.40558,993.6652, ,563.125,119.71875, ,87.15873,105.24603, 
Tracks 76 to 112
1, , , , , , , , , , , , , , , , , , , , , , , , , , , , , , , , , , , , , , , , , , , , , , , , , , , , , , , , , , , , , , , , , , , , , , , , , , , , , , , , , , , , , , , , , , , , , , , , , , , , , , , , , , , , , , , 
2, , , , , , , , , , , , , , , , , , , , , , , , , , , , , , , , , , , , , , , , , , , , , , , , , , , , , , , , , , , , , , , , , , , , , , , , , , , , , , , , , , , , , , , , , , , , , , , , , , , , , , , , , , , , , , , 
3, , , , , , , , , , , , , , , , , , , , , , , , , , , , , , , , , , , , , , , , , , , , , , , , , , , , , , , , , , , , , , , , , , , , , , , , , , , , , , , , , , , , , , , , , , , , , , , , , , , , , , , , , , , , , , , 
4, , , , , , , , , , , , , , , , , , , , , , , , , , , , , , , , , , , , , , , , , , , , , , , , , , , , , , , , , , , , , , , , , , , , , , , , , , , , , , , , , , , , , , , , , , , , , , , , , , , , , , , , , , , , , , , 
5, , , , , , , , , , , , , , , , , , , , , , , , , , , , , , , , , , , , , , , , , , , , , , , , , , , , , , , , , , , , , , , , , , , , , , , , , , , , , , , , , , , , , , , , , , , , , , , , , , , , , , , , , , , , , , , 
6, , , , , , , , , , , , , , , , , , , , , , , , , , , , , , , , , , , , , , , , , , , , , , , , , , , , , , , , , , , , , , , , , , , , , , , , , , , , , , , , , , , , , , , , , , , , , , , , , , , , , , , , , , , , , , , 
7, , , , , , , , , , , , , , , , , , , , , , , , , , , , , , , , , , , , , , , , , , , , , , , , , , , , , , , , , , , , , , , , , , , , , , , , , , , , , , , , , , , , , , , , , , , , , , , , , , , , , , , , , , , , , , , 
8, , , , , , , , , , , , , , , , , , , , , , , , , , , , , , , , , , , , , , , , , , , , , , , , , , , , , , , , , , , , , , , , , , , , , , , , , , , , , , , , , , , , , , , , , , , , , , , , , , , , , , , , , , , , , , , 
9, , , , , , , , , , , , , , , , , , , , , , , , , , , , , , , , , , , , , , , , , , , , , , , , , , , , , , , , , , , , , , , , , , , , , , , , , , , , , , , , , , , , , , , , , , , , , , , , , , , , , , , , , , , , , , , 
10, , , , , , , , , , , , , , , , , , , , , , , , , , , , , , , , , , , , , , , , , , , , , , , , , , , , , , , , , , , , , , , , , , , , , , , , , , , , , , , , , , , , , , , , , , , , , , , , , , , , , , , , , , , , , , , 
11, , , , , , , , , , , , , , , , , , , , , , , , , , , , , , , , , , , , , , , , , , , , , , , , , , , , , , , , , , , , , , , , , , , , , , , , , , , , , , , , , , , , , , , , , , , , , , , , , , , , , , , , , , , , , , , 
12, , , , , , , , , , , , , , , , , , , , , , , , , , , , , , , , , , , , , , , , , , , , , , , , , , , , , , , , , , , , , , , , , , , , , , , , , , , , , , , , , , , , , , , , , , , , , , , , , , , , , , , , , , , , , , , 
13, , , , , , , , , , , , , , , , , , , , , , , , , , , , , , , , , , , , , , , , , , , , , , , , , , , , , , , , , , , , , , , , , , , , , , , , , , , , , , , , , , , , , , , , , , , , , , , , , , , , , , , , , , , , , , , 
14, , , , , , , , , , , , , , , , , , , , , , , , , , , , , , , , , , , , , , , , , , , , , , , , , , , , , , , , , , , , , , , , , , , , , , , , , , , , , , , , , , , , , , , , , , , , , , , , , , , , , , , , , , , , , , , 
15, , , , , , , , , , , , , , , , , , , , , , , , , , , , , , , , , , , , , , , , , , , , , , , , , , , , , , , , , , , , , , , , , , , , , , , , , , , , , , , , , , , , , , , , , , , , , , , , , , , , , , , , , , , , , , , 
16, , , , , , , , , , , , , , , , , , , , , , , , , , , , , , , , , , , , , , , , , , , , , , , , , , , , , , , , , , , , , , , , , , , , , , , , , , , , , , , , , , , , , , , , , , , , , , , , , , , , , , , , , , , , , , , 
17, , , , , , , , , , , , , , , , , , , , , , , , , , , , , , , , , , , , , , , , , , , , , , , , , , , , , , , , , , , , , , , , , , , , , , , , , , , , , , , , , , , , , , , , , , , , , , , , , , , , , , , , , , , , , , , 
18, , , , , , , , , , , , , , , , , , , , , , , , , , , , , , , , , , , , , , , , , , , , , , , , , , , , , , , , , , , , , , , , , , , , , , , , , , , , , , , , , , , , , , , , , , , , , , , , , , , , , , , , , , , , , , , 
19, , , , , , , , , , , , , , , , , , , , , , , , , , , , , , , , , , , , , , , , , , , , , , , , , , , , , , , , , , , , , , , , , , , , , , , , , , , , , , , , , , , , , , , , , , , , , , , , , , , , , , , , , , , , , , , 
20, , , , , , , , , , , , , , , , , , , , , , , , , , , , , , , , , , , , , , , , , , , , , , , , , , , , , , , , , , , , , , , , , , , , , , , , , , , , , , , , , , , , , , , , , , , , , , , , , , , , , , , , , , , , , , , 
21, , , , , , , , , , , , , , , , , , , , , , , , , , , , , , , , , , , , , , , , , , , , , , , , , , , , , , , , , , , , , , , , , , , , , , , , , , , , , , , , , , , , , , , , , , , , , , , , , , , , , , , , , , , , , , , 
22, , , , , , , , , , , , , , , , , , , , , , , , , , , , , , , , , , , , , , , , , , , , , , , , , , , , , , , , , , , , , , , , , , , , , , , , , , , , , , , , , , , , , , , , , , , , , , , , , , , , , , , , , , , , , , , 
23, , , , , , , , , , , , , , , , , , , , , , , , , , , , , , , , , , , , , , , , , , , , , , , , , , , , , , , , , , , , , , , , , , , , , , , , , , , , , , , , , , , , , , , , , , , , , , , , , , , , , , , , , , , , , , , 
24, , , , , , , , , , , , , , , , , , , , , , , , , , , , , , , , , , , , , , , , , , , , , , , , , , , , , , , , , , , , , , , , , , , , , , , , , , , , , , , , , , , , , , , , , , , , , , , , , , , , , , , , , , , , , , , 
25,226.04546,348.22726, ,1134.2778,490.16666, ,1138.375,799.875, , , , , , , , , , , , , , , , , , , , , , , , , , , , , , , , , , , , , , , , , , , , , , , , , , , , , , , , , , , , , , , , , , , , , , , , , , , , , , , , , , , , , , , , , , , , , , , , , , , , , , , 
26,229.91176,345.02942, ,1135.3823,491.55884,*,1139.4155,800.8521, ,661.85,142.95, ,908.5833,530.4167, , , , , , , , , , , , , , , , , , , , , , , , , , , , , , , , , , , , , , , , , , , , , , , , , , , , , , , , , , , , , , , , , , , , , , , , , , , , , , , , , , , , , , , , , , , , , , , , , 
27,232.91667,344.83334, ,1133.8636,489.5,*,1139.7584,800.4888, ,662.05554,143.11111, ,910.8333,529.6515, ,753.3333,569.8889,*, , , , , , , , , , , , , , , , , , , , , , , , , , , , , , , , , , , , , , , , , , , , , , , , , , , , , , , , , , , , , , , , , , , , , , , , , , , , , , , , , , , , , , , , , , , , , 
28,232.55556,345.44446, ,1136.2727,486.31818, ,1139.9357,800.5, ,661.46,143.54, ,909.96155,528.96155, ,756.0714,573.8333,*,444.38235,2.735294, ,1361.4219,471.8672, ,448.98685,949.8816, , , , , , , , , , , , , , , , , , , , , , , , , , , , , , , , , , , , , , , , , , , , , , , , , , , , , , , , , , , , , , , , , , , , , , , , , , , , , , , , , , , , , 
29,230.75,346.08334,*,1136.1,489.43332,*,1140.8392,800.8929, ,663.8077,141.9359, ,911.525,529.075, ,762.8461,571.0,*,444.08334,2.4166667, ,1361.6908,471.6832, ,448.37323,951.46124, ,1300.7,102.8, ,293.9643,206.96428, ,763.6667,837.61383, , , , , , , , , , , , , , , , , , , , , , , , , , , , , , , , , , , , , , , , , , , , , , , , , , , , , , , , , , , , , , , , , , , , , , , , , , , , 
30,232.55714,348.35715, ,1126.6818,491.68182, ,1140.7417,801.2833, ,661.41895,141.90541, ,911.725,529.35, ,764.2,565.5, ,445.3421,2.3947368, ,1360.8969,471.66666, ,446.67206,958.5215, ,1301.5667,103.9, ,293.53705,208.98148, ,763.39777,837.6145, , , , , , , , , , , , , , , , , , , , , , , , , , , , , , , , , , , , , , , , , , , , , , , , , , , , , , , , , , , , , , , , , , , , , , , , , , , , 
31,233.21428,347.9, ,1134.5,489.67392, ,1140.3889,801.8951, ,663.7558,142.91861, ,911.4545,530.86365, ,764.9286,563.8571,*,447.18,3.06, ,1361.0781,471.09375, ,446.4497,959.8687, ,1300.4565,104.5, ,292.0,204.19048,*,763.79016,838.6044, ,735.76666,669.9667, , , , , , , , , , , , , , , , , , , , , , , , , , , , , , , , , , , , , , , , , , , , , , , , , , , , , , , , , , , , , , , , , , , , , , , , , 
32,232.32353,348.29413, ,1135.4584,489.45834, ,1139.7388,800.69403, ,664.5441,144.17647, ,910.03845,531.25, ,756.8333,562.8333,*,447.25,3.125, ,1361.076,470.78, ,448.60388,951.16235, ,1299.7,103.73333, ,291.6579,206.5, ,764.63995,839.216, ,742.1667,670.76666, ,749.875,574.625, , , , , , , , , , , , , , , , , , , , , , , , , , , , , , , , , , , , , , , , , , , , , , , , , , , , , , , , , , , , , , , , , , , , , , 
33,231.44118,348.41177, ,1136.326,488.4565, ,1139.1154,800.88464, ,665.65717,144.02856, ,909.94446,531.2778, ,758.1667,560.23334,*,447.94827,4.12069, ,1362.6008,472.1744, ,448.12903,950.9871, ,1300.1129,104.629036, ,290.0357,206.03572, ,765.80145,840.658, ,742.3182,670.7727,*,747.5,575.08826,*,265.98572,211.24286, ,479.7353,954.0294, , , , , , , , , , , , , , , , , , , , , , , , , , , , , , , , , , , , , , , , , , , , , , , , , , , , , , , , , , , , , , , , 
34,232.55556,348.83334, ,1135.9166,488.5,*,1138.3334,799.3939, ,664.79034,143.40323, ,908.0926,533.2222,*,757.7727,561.2273,*,448.28262,3.5869565, ,1364.3103,473.61206, ,448.1266,951.28796, ,1301.5938,106.0, ,290.44116,204.14706, ,765.88684,840.3951, ,742.13635,671.9545,*,750.6667,576.5833, ,266.02155,211.5622, ,478.83334,955.23334,*, , , , , , , , , , , , , , , , , , , , , , , , , , , , , , , , , , , , , , , , , , , , , , , , , , , , , , , , , , , , , , , 
35,230.95,350.85,*,1136.7727,486.5,*,1139.3276,800.78735, ,663.875,143.875, ,906.62823,533.11536, ,764.0,564.5,*,448.7,5.125, ,1365.8143,475.91904, ,447.50958,960.2081, ,1303.6464,106.35366, ,292.6579,203.3421, ,766.216,840.36615, ,732.87036,674.7593, ,748.5625,576.25, ,268.71857,209.54372, ,478.88095,952.7381,*,263.375,348.875, , , , , , , , , , , , , , , , , , , , , , , , , , , , , , , , , , , , , , , , , , , , , , , , , , , , , , , , , , , , , 
36,237.6842,348.44736,*,1132.1207,491.7414, , , , ,664.371,145.20967, ,906.55457,534.7364, ,764.0263,564.3947,*,448.7857,4.8095236, ,1364.7041,476.93878, ,447.48648,962.38513, ,1303.0778,106.76667, ,297.86923,208.66924,*,766.09204,842.0251, ,730.4231,674.1923, ,751.45654,570.0217,*,269.53,211.525, ,478.8,952.6, ,263.5357,348.7857, ,1419.4791,209.79167, , , , , , , , , , , , , , , , , , , , , , , , , , , , , , , , , , , , , , , , , , , , , , , , , , , , , , , , , , 
37,235.84285,351.98572, ,1131.4375,492.375, , , , ,663.3276,143.7069, ,905.1222,533.6778, ,772.6923,567.978, ,449.6887,5.537736, ,1364.8617,478.26596, ,446.50626,962.7625, ,1303.075,106.1, ,298.65585,209.74675, ,766.2086,843.3679, ,730.3125,677.0,*,752.5,568.25,*,270.05502,213.33733, ,478.57144,953.5714, ,262.5,345.2857, ,1419.05,208.91112, ,1131.2273,481.22726, , , , , , , , , , , , , , , , , , , , , , , , , , , , , , , , , , , , , , , , , , , , , , , , , , , , , , , 
38,238.57895,352.0, ,1126.6538,492.42307,*, , , ,667.65,139.3, ,905.049,532.598, , , , ,448.84616,5.326923, ,1365.7551,478.34692, , , , ,1304.25,105.333336, ,297.83783,209.10811, ,766.6801,843.1144, ,731.3947,676.3947,*,757.35,561.45, ,270.33615,212.87852, ,478.80768,954.5769, ,265.7,353.26,*,1417.3793,208.51149, ,1137.6875,487.0, ,1306.22,883.38, , , , , , , , , , , , , , , , , , , , , , , , , , , , , , , , , , , , , , , , , , , , , , , , , , , , 
39,237.08064,353.1129, , , , , , , ,667.0,142.32353, ,908.5351,532.9386, , , , ,448.84616,5.6923075, ,1366.4196,478.5115, , , , ,1305.1136,105.97727, ,298.04794,209.5274, ,767.86365,842.3701, ,728.18,678.06,*,758.0,562.3, ,270.32968,213.56593, ,480.4697,952.6212, ,266.58218,352.6507, ,1420.1244,209.0127, ,1137.7142,487.7143, ,1312.8,877.5, , , , , , , , , , , , , , , , , , , , , , , , , , , , , , , , , , , , , , , , , , , , , , , , , , , , 
40,239.8871,350.69354, , , , , , , ,666.46875,142.625, ,910.5,531.5417, , , , ,449.839,6.822034, ,1366.6489,479.5851, , , , ,1304.4574,105.69149, ,297.55063,209.70253, ,768.51276,843.0584, ,729.6,677.3,*,756.67645,562.5,*,270.20102,213.58247, ,480.35715,954.9286, ,267.2073,348.91464, ,1420.6564,206.73457, ,1136.3334,486.58334, ,1306.0957,880.43616, ,727.6071,591.7857, , , , , , , , , , , , , , , , , , , , , , , , , , , , , , , , , , , , , , , , , , , , , , , , , 
41,240.40244,349.37805, , , , , , , ,669.7174,144.32608, ,907.9318,534.63635,*, , , ,450.46774,7.112903, ,1368.266,480.62766, , , , ,1303.1666,104.375, ,297.78125,212.0625, ,767.62683,843.2422, ,729.3276,676.18964,*,757.2143,562.3571,*,269.90414,213.72798, ,480.6111,953.8889,*,268.0,348.1316, ,1419.43,206.88171, ,1135.0161,488.5, ,1305.7609,882.2826,*,723.2059,594.2647,*, , , , , , , , , , , , , , , , , , , , , , , , , , , , , , , , , , , , , , , , , , , , , , , , 
42,243.44595,348.8243, , , , , , , ,671.5,143.46774, ,909.48114,534.217, , , , ,453.3,7.3333335, ,1370.6,480.26666, , , , ,1302.6897,103.55173, ,299.28723,213.15958,*,768.4855,843.8451, ,728.569,677.0172,*,758.45,564.6,*,271.56717,220.40298, ,481.34848,952.8333,*,269.03192,349.1383, ,1419.2224,207.20044, ,1135.0,491.58334,*,1306.5,882.1818,*,726.9815,592.6111, ,647.55554,341.05554, ,1271.51,859.999, , , , , , , , , , , , , , , , , , , , , , , , , , , , , , , , , , , , , , , , , , , 
43,244.0,348.125, , , , , , , ,672.17566,144.77026, ,910.1721,533.56555, , , , ,452.7963,6.203704, ,1370.1,479.31177, , , , ,1304.085,102.179245, ,300.7,212.26,*,767.6822,843.46155, ,731.4091,675.4091,*,764.7,565.1, ,269.80304,213.17172, , , , ,268.98572,346.2143, ,1419.4205,207.21495, ,1137.8572,486.64285,*,1309.0975,880.7195,*,726.55554,594.7778, ,648.6818,343.4091,*,1271.3483,860.95087, ,903.0926,557.05554, , , , , , , , , , , , , , , , , , , , , , , , , , , , , , , , , , , , , , , , 
44,241.69608,348.9902, , , , , , , ,672.0227,143.04546, ,910.0,533.6622, , , , ,454.2193,6.114035, ,1370.9022,479.01086, , , , ,1303.5702,100.833336, ,301.14706,209.02942,*,766.7444,840.94604, ,724.13635,680.4091,*,757.4167,559.0833,*,272.77237,219.5428, , , , ,268.3158,348.6316, ,1420.5952,207.84525, ,1138.6,486.2, ,1310.0695,879.18054, ,727.26,593.02, ,645.4677,341.0484, ,1272.7173,859.6636, ,904.64813,556.0185, , , , , , , , , , , , , , , , , , , , , , , , , , , , , , , , , , , , , , , , 
45,241.41489,348.62766, , , , , , , ,674.1458,145.0, ,908.4184,533.54083, , , , ,456.2414,5.948276, ,1372.2128,479.9468, , , , ,1302.918,101.00746, ,297.02942,205.2451,*,766.8367,839.4355, ,728.0417,679.75, ,749.9167,563.75,*,269.3673,214.06873, , , , ,268.20834,346.5, ,1420.7646,207.05882, ,1135.5,485.76315, ,1305.1875,880.875,*,728.0,590.9,*,645.4821,338.51785, ,1270.904,855.95013, ,906.0,557.3571, ,277.4508,234.45082, ,732.6724,672.39655, ,1195.5,979.13635, , , , , , , , , , , , , , , , , , , , , , , , , , , , , , , 
46,242.14285,347.92856, , , , , , , ,673.62726,143.79091, ,909.5333,533.5833, , , , ,456.32224,5.9888887, ,1372.9086,480.23117, , , , ,1302.0883,101.838234, ,297.8,206.9,*,768.398,839.684, ,729.5,678.3571,*,752.88464,567.96155,*,268.80392,212.69608, , , , ,268.04544,346.86365, ,1420.6145,207.84337, ,1137.15,486.1, ,1306.0,880.0714,*,730.3378,594.3108,*,646.9,346.16666,*,1270.4976,856.19977, ,906.88464,557.4231, ,277.03333,236.05556, ,742.4,670.15, ,1195.5,979.7857, ,782.83105,636.05975, , , , , , , , , , , , , , , , , , , , , , , , , , , , 
47,242.13889,348.55554, , , , , , , ,673.94446,142.13889, ,908.8,534.9286, , , , ,454.90475,6.047619, ,1372.4827,482.93478, , , , ,1301.9155,103.11039, ,296.24194,205.20967,*,769.26154,841.32367, ,730.1111,675.3333,*,752.88464,569.11536, ,270.15347,212.83664, , , , ,269.5263,345.6842, ,1421.1428,208.06429, , , , ,1309.125,877.0,*,727.5625,593.6875,*,647.7857,343.42856,*,1271.8694,857.9565, ,905.79034,558.4677, ,277.7258,236.25807, ,740.6177,671.6177, ,1193.0,981.2,*,783.036,636.4856, ,763.1667,642.75, , , , , , , , , , , , , , , , , , , , , , , , , 
48,246.625,348.34375, , , , , , , ,676.58887,142.65555, ,908.87036,535.5741, , , , ,454.5851,6.3297873, ,1372.4316,483.67093, , , , ,1301.9147,103.80488, ,300.2143,209.1,*, , , ,729.7692,676.0769,*,748.6,571.9,*,270.28326,211.94827, , , , ,269.6905,346.0238, ,1422.4354,209.36021, , , , ,1309.0883,876.91174,*,727.5526,594.5263,*,649.6064,345.26596,*,1271.2062,858.4858, ,907.4524,558.8333, ,279.08182,234.55455, ,743.2857,671.3571, ,1196.2778,979.8889,*,784.6283,637.22076, ,771.9,640.2, ,1226.035,964.8509, ,675.22,967.3, , , , , , , , , , , , , , , , , , , 
49,246.93182,348.29544, , , , , , , ,677.20966,146.43549, ,907.0781,536.0781, , , , ,455.5476,6.714286, ,1372.3992,483.8109, , , , ,1301.6519,105.474686, ,302.3846,212.65384,*, , , ,730.9545,675.5,*,752.4,567.6,*,270.15714,212.9762, , , , ,271.2143,346.2619, ,1420.3121,208.90268, , , , ,1309.475,876.1,*,730.94183,595.6279,*,647.6458,344.60416, ,1271.8263,857.9326, ,906.06604,559.6321, ,279.22342,235.60638, ,740.9783,671.63043,*,1194.6034,979.3276,*,784.5677,638.5188, ,770.5769,640.8077, ,1225.2465,964.9976, ,675.7308,966.88464, ,1136.5857,486.9, , , , , , , , , , , , , , , , 
50,245.04839,348.62903, , , , , , , ,676.23334,148.58888, ,906.4846,536.0077, , , , ,456.34616,6.3717947, ,1372.1526,483.0678, , , , ,1301.8928,106.04762, ,303.34375,212.4375, , , , ,732.119,675.3571,*,748.7727,570.3182,*,271.89487,212.94615, , , , ,270.28262,344.67392, ,1418.6643,207.11836, , , , ,1306.758,883.0484,*,733.44666,594.36664, ,650.9783,345.36957, ,1270.7701,856.5961, ,906.62195,559.13416, ,280.47223,234.75, ,736.3,663.9,*,1194.3276,979.7069,*,785.8505,639.24744, ,770.23334,648.1,*,1225.7106,965.0598, ,677.36957,966.06525, ,1134.8334,485.06412, , , , , , , , , , , , , , , , 
51,245.75,347.8, , , , , , , ,676.1047,146.38373, ,907.62726,535.1,*, , , ,457.9524,6.142857, ,1372.5776,483.68103, , , , ,1302.7471,106.24117, ,305.79413,215.5,*, , , ,729.43335,677.36664,*,757.5,573.6905,*,273.3449,211.79947, , , , ,269.3,342.7, ,1418.4899,205.64214, , , , ,1310.909,884.13635,*, , , ,649.8226,341.7258, ,1271.609,857.6659, ,906.79266,558.40247, ,283.42728,233.9, ,736.7,666.9,*,1196.4103,984.1795,*,781.9286,633.4286,*,776.62646,649.66095, ,1225.4716,965.2346, ,669.6667,970.0, ,1137.25,486.33334, ,300.01852,206.46297, , , , , , , , , , , , , 
52,244.20589,349.29413, , , , , , , ,676.34784,147.69565, ,910.3953,535.6512,*, , , ,458.88095,6.4761906, ,1373.622,484.0122, , , , ,1302.8412,106.24117, , , , , , , ,730.8333,674.9,*,755.7,575.3, ,273.34152,212.54918, , , , ,270.38,346.14, , , , , , , ,1307.5328,879.13934,*, , , ,653.7,346.56668,*,1271.6538,859.289, ,906.1667,559.55554, ,280.4592,236.70409, ,737.96155,671.5513,*,1193.3334,982.6111, ,789.2022,635.1578,*,773.125,657.6667, ,1225.8318,964.9567, ,670.5909,972.5909,*,1138.3125,486.5625, ,300.48038,206.89215, ,314.5,69.86, ,596.16406,319.02896, ,771.9286,637.6429, ,710.58,646.54, 
53,248.63043,347.19565, , , , , , , ,677.775,148.625, ,909.0932,535.5, , , , ,458.4,6.2, ,1372.6318,483.8411, , , , ,1305.425,105.8125, , , , , , , ,729.35,677.25,*,749.1667,575.8333, ,273.31287,213.11403, , , , ,269.96667,343.16666, , , , , , , ,1306.2333,877.43335, , , , ,647.7273,343.95456, ,1272.5095,859.48083, ,906.25555,560.7, ,283.72223,235.45555, ,735.4231,671.5769,*,1193.909,980.9545, ,790.94116,632.4, ,776.75,654.8333,*,1225.4708,964.8204, ,669.1429,972.1429,*,1138.3182,486.77274, ,297.9737,203.3158, ,313.1,67.5, ,597.22644,317.71973, ,766.14703,634.9706, ,720.5,646.3461,*
54,249.35715,348.92856, , , , , , , ,678.46075,148.93137, ,908.2,535.56, , , , ,457.5645,8.564516, ,1370.5819,483.7459, , , , ,1304.0466,106.86, , , , , , , ,729.9074,676.9074,*,756.5909,574.3182,*,274.0318,213.49422, , , , ,269.4375,344.125, , , , , , , ,1306.2333,883.7,*, , , ,649.2857,346.17856,*,1273.4668,860.06195, ,906.9286,562.1286, ,281.00876,237.27193, ,740.075,670.875,*,1194.8158,979.8684,*,791.04095,636.5574,*,772.5455,650.0,*,1225.4043,965.3708, ,674.75,972.625,*,1136.9286,485.5476, ,297.36667,203.96666, ,314.44595,70.689186, ,595.4763,317.3284, ,766.1429,634.4286,*,721.0909,645.0455, 
55,249.4,350.0, , , , , , , ,675.6,149.9,*,912.0,533.4167, , , , ,456.61765,8.308824, ,1370.9127,485.09525, , , , ,1303.512,107.78571, , , , , , , ,725.8555,679.74445,*,757.6,575.0,*,274.51178,213.3647, , , , , , , , , , , , , ,1309.9941,880.67645,*, , , ,647.2037,345.68518,*,1273.1188,857.48175, ,906.1964,562.375, ,280.59677,236.7742, ,742.4091,670.5909, ,1193.9706,980.32355,*,793.33124,634.04376,*,778.0455,647.13635,*,1225.6207,965.3889, ,676.1111,967.5, ,1137.8077,485.96155, ,300.041,208.36885, ,314.16666,67.566666, ,594.72705,319.4083,*,767.3,634.5,*,721.8077,647.1923,*
56,248.7,351.6, , , , , , , ,678.6923,151.23077,*,906.07574,535.1061,*, , , ,455.7027,8.283784, ,1371.6953,486.0078, , , , ,1302.1067,107.43259, , , , , , , ,726.77905,680.8488, ,753.6429,570.4048,*,275.8642,213.64815, , , , , , , , , , , , , ,1308.3889,876.7857, , , , ,647.5,343.8889,*,1274.768,859.85565, ,908.5,563.1429, ,285.25757,236.33333, ,738.5,672.3,*,1195.0625,980.1875, ,792.1889,633.74445,*,777.0,644.9375,*,1225.9729,965.1404, ,675.91174,967.7941, ,1137.0883,486.91177, ,301.19446,209.55556, ,315.60388,70.62987,*,595.2005,318.39856, ,766.5909,632.3182,*,720.2692,645.4231,*
57, , , , , , , , , ,679.53705,151.83333, , , , , , , ,456.5926,6.611111, ,1370.3923,486.57693, , , , ,1301.262,107.10714, , , , , , , , , , ,755.86365,574.5,*,274.9011,213.23077, , , , , , , , , , , , , ,1309.9828,876.0172,*, , , ,647.5,345.05554, ,1275.1436,859.78217, ,909.09186,563.7245, ,281.51492,235.72388, ,736.0769,672.5192,*,1195.1666,980.3333, ,787.04114,637.2749,*, , , ,1225.628,965.101, ,676.2083,967.6667, ,1137.8077,485.65384, ,301.7647,211.67647,*,314.15,66.05, ,594.75104,318.57532, ,768.2143,633.9286, ,719.7222,645.3889, 
58, , , , , , , , , ,679.58887,152.38889, , , , , , , ,457.08182,7.0454545, ,1369.7578,486.1953, , , , ,1301.9216,107.210846, , , , , , , , , , ,756.6429,574.7857,*,273.9269,214.59941, , , , , , , , , , , , , ,1307.5938,879.7031,*, , , ,651.9667,344.9, ,1275.006,859.76263, ,909.93475,565.15216, ,281.64755,235.94263, ,734.4655,673.86206, ,1196.2391,979.45654, ,786.4308,638.94635, , , , ,1226.102,965.5448, ,676.5,967.4091, ,1136.4048,485.59525, ,301.5877,214.11403,*,313.08334,68.791664, ,595.36975,318.63953, ,766.4697,635.1667, ,723.25,645.55, 
59, , , , , , , , , ,680.5645,153.20967, , , , , , , ,456.18253,8.626985, ,1368.4766,485.78125, , , , ,1301.6393,105.76582, , , , , , , , , , ,754.2647,568.44116,*,272.58875,212.51775, , , , , , , , , , , , , ,1306.3372,878.6395,*, , , ,648.5,344.0, ,1274.7489,860.5689, ,908.8333,564.7963, ,278.88095,235.69048, ,732.6667,673.8889, ,1195.7273,979.9318, ,786.2011,639.2786, , , , ,1225.4171,965.3402, , , , , , , ,298.1316,208.25,*,314.41177,71.911766,*,597.69147,314.23404, ,765.08826,636.32355,*,718.9167,645.25, 
60, , , , , , , , , ,678.325,151.675, , , , , , , ,455.07693,8.423077, ,1369.0271,485.00388, , , , ,1301.9155,105.00649, , , , , , , , , , ,755.88464,575.5769,*,270.64444,212.81111, , , , , , , , , , , , , ,1305.4333,879.1,*, , , ,649.0,343.9, ,1274.9131,860.6385, ,907.9048,564.9048, ,277.96512,235.03488, ,734.89435,673.0211,*,1196.7667,979.54443,*,789.73914,633.4457, , , , ,1226.0057,965.82184, , , , , , , ,297.75,205.94444, ,317.4375,72.75,*,597.23834,313.86447, ,762.6,638.0,*,713.2059,643.7353,*
61, , , , , , , , , ,678.325,151.675, , , , , , , ,455.07693,8.423077, ,1369.0271,485.00388, , , , ,1301.9155,105.00649, , , , , , , , , , ,755.88464,575.5769,*,270.64444,212.81111, , , , , , , , , , , , , ,1305.4333,879.1,*, , , ,649.0,343.9,*,1274.9131,860.6385, ,907.9048,564.9048, ,277.96512,235.03488, ,734.89435,673.0211, ,1196.7667,979.54443,*,789.73914,633.4457, , , , ,1226.0057,965.82184, , , , , , , ,297.75,205.94444,*,317.4375,72.75,*,597.23834,313.86447, ,762.6,638.0,*,713.2059,643.7353, 
